"clan","session","location","date","start","stop","no_intx_yes_no"
"talek","t87948","o",2014-09-13,2018-01-01 06:47:00,2018-01-01 06:52:00,TRUE
"talek","t88047","c",2014-09-19,2018-01-01 18:39:00,2018-01-01 18:44:00,TRUE
"talek","t88076","k",2014-09-21,2018-01-01 07:25:00,2018-01-01 07:30:00,TRUE
"talek","t89766","o",2015-01-01,2018-01-01 17:52:00,2018-01-01 17:57:00,TRUE
"talek","t88150","d",2014-09-26,2018-01-01 07:18:00,2018-01-01 07:54:00,FALSE
"talek","t88208","o",2014-10-06,2018-01-01 06:39:00,2018-01-01 06:44:00,TRUE
"talek","t88538","o",2014-10-25,2018-01-01 07:19:00,2018-01-01 07:24:00,TRUE
"talek","t1013.3","o",1990-04-11,2018-01-01 17:26:00,2018-01-01 18:17:00,FALSE
"talek","t10175","d",1996-07-27,2018-01-01 06:15:00,2018-01-01 06:20:00,FALSE
"talek","t1018","d",1990-04-14,2018-01-01 17:19:00,2018-01-01 18:55:00,TRUE
"talek","t1021.7","o",1990-04-16,2018-01-01 18:32:00,2018-01-01 18:37:00,TRUE
"talek","t1038.3","k",1990-04-25,2018-01-01 18:25:00,2018-01-01 18:45:00,FALSE
"talek","t10682","k",1996-09-04,2018-01-01 19:15:00,2018-01-01 19:55:00,FALSE
"talek","t10705","k",1996-09-12,2018-01-01 06:21:00,2018-01-01 07:53:00,FALSE
"talek","t10723.13","k",1996-09-17,2018-01-01 07:20:00,2018-01-01 07:25:00,TRUE
"talek","t10748","o",1996-09-29,2018-01-01 18:06:00,2018-01-01 18:48:00,TRUE
"talek","t10764.11","o",1996-10-06,2018-01-01 06:42:00,2018-01-01 06:47:00,TRUE
"talek","t10764.2","k",1996-10-06,2018-01-01 08:28:00,2018-01-01 08:40:00,FALSE
"talek","t10764.5","o",1996-10-06,2018-01-01 06:56:00,2018-01-01 08:14:00,FALSE
"talek","t10765","o",1996-10-06,2018-01-01 18:40:00,2018-01-01 18:45:00,TRUE
"talek","t10785","k",1996-10-12,2018-01-01 18:08:00,2018-01-01 18:52:00,FALSE
"talek","t10790.14","k",1996-10-14,2018-01-01 07:26:00,2018-01-01 07:31:00,TRUE
"talek","t10807","k",1996-10-18,2018-01-01 06:05:00,2018-01-01 07:08:00,FALSE
"talek","t10847","k",1996-10-26,2018-01-01 06:07:00,2018-01-01 09:05:00,FALSE
"talek","t1088.2","o",1990-06-05,2018-01-01 07:24:00,2018-01-01 07:56:00,FALSE
"talek","t10897","k",1996-11-12,2018-01-01 05:51:00,2018-01-01 06:31:00,FALSE
"talek","t10913.1","o",1996-11-15,2018-01-01 08:42:00,2018-01-01 09:05:00,TRUE
"talek","t10917","m",1996-11-16,2018-01-01 06:22:00,2018-01-01 07:28:00,TRUE
"talek","t10941.3","k",1996-11-24,2018-01-01 09:11:00,2018-01-01 09:16:00,TRUE
"talek","t11022","o",1996-12-18,2018-01-01 06:10:00,2018-01-01 08:51:00,FALSE
"talek","t11030","d",1996-12-21,2018-01-01 06:30:00,2018-01-01 07:10:00,FALSE
"talek","t11080","o",1997-01-04,2018-01-01 06:34:00,2018-01-01 08:23:00,FALSE
"talek","t1110.3","k",1990-06-27,2018-01-01 07:00:00,2018-01-01 10:10:00,FALSE
"talek","t11103.2","o",1997-01-10,2018-01-01 07:42:00,2018-01-01 08:12:00,TRUE
"talek","t11128","k",1997-01-18,2018-01-01 06:44:00,2018-01-01 08:26:00,FALSE
"talek","t11163.2","m",1997-02-04,2018-01-01 07:16:00,2018-01-01 07:22:00,FALSE
"talek","t11163.4","m",1997-02-04,2018-01-01 07:30:00,2018-01-01 07:42:00,TRUE
"talek","t11172.1","k",1997-02-08,2018-01-01 08:38:00,2018-01-01 09:18:00,TRUE
"talek","t11175","k",1997-02-09,2018-01-01 06:35:00,2018-01-01 07:20:00,FALSE
"talek","t11235","k",1997-03-03,2018-01-01 06:26:00,2018-01-01 07:00:00,TRUE
"talek","t11259","d",1997-03-08,2018-01-01 06:23:00,2018-01-01 07:24:00,FALSE
"talek","t11396.2","k",1997-04-21,2018-01-01 18:32:00,2018-01-01 18:39:00,FALSE
"talek","t1140","k",1990-08-02,2018-01-01 06:43:00,2018-01-01 09:28:00,FALSE
"talek","t11408","k",1997-04-27,2018-01-01 06:23:00,2018-01-01 07:04:00,FALSE
"talek","t11417.2","k",1997-04-30,2018-01-01 07:47:00,2018-01-01 08:02:00,FALSE
"talek","t11582","m",1997-05-20,2018-01-01 07:13:00,2018-01-01 07:29:00,TRUE
"talek","t11588","o",1997-05-21,2018-01-01 07:59:00,2018-01-01 08:04:00,TRUE
"talek","t11649","o",1997-05-28,2018-01-01 06:29:00,2018-01-01 06:44:00,TRUE
"talek","t11656.3","m",1997-05-30,2018-01-01 06:33:00,2018-01-01 06:38:00,TRUE
"talek","t11661.4","o",1997-05-30,2018-01-01 18:01:00,2018-01-01 18:06:00,TRUE
"talek","t11751","m",1997-06-06,2018-01-01 06:55:00,2018-01-01 07:09:00,FALSE
"talek","t11891","k",1997-06-13,2018-01-01 06:43:00,2018-01-01 07:30:00,FALSE
"talek","t1190","k",1990-08-21,2018-01-01 06:30:00,2018-01-01 08:12:00,TRUE
"talek","t11943.1","o",1997-06-16,2018-01-01 08:05:00,2018-01-01 08:10:00,TRUE
"talek","t1198.1","o",1990-08-25,2018-01-01 06:56:00,2018-01-01 07:01:00,TRUE
"talek","t1209","k",1990-08-31,2018-01-01 09:00:00,2018-01-01 09:29:00,FALSE
"talek","t1213","d",1990-09-03,2018-01-01 06:36:00,2018-01-01 07:48:00,TRUE
"talek","t12172","o",1997-07-01,2018-01-01 07:53:00,2018-01-01 07:58:00,FALSE
"talek","t12214","k",1997-07-02,2018-01-01 06:00:00,2018-01-01 07:00:00,FALSE
"talek","t1238","k",1990-09-19,2018-01-01 07:00:00,2018-01-01 07:08:00,TRUE
"talek","t12433","o",1997-07-09,2018-01-01 07:38:00,2018-01-01 07:43:00,TRUE
"talek","t1245","k",1990-09-24,2018-01-01 07:08:00,2018-01-01 07:26:00,FALSE
"talek","t1247","d",1990-09-24,2018-01-01 17:59:00,2018-01-01 18:50:00,TRUE
"talek","t12504","d",1997-07-12,2018-01-01 06:28:00,2018-01-01 07:39:00,TRUE
"talek","t127.2","o",1988-09-08,2018-01-01 17:45:00,2018-01-01 17:54:00,TRUE
"talek","t1287","k",1990-10-18,2018-01-01 06:27:00,2018-01-01 07:13:00,TRUE
"talek","t12927","m",1997-07-26,2018-01-01 07:50:00,2018-01-01 08:19:00,FALSE
"talek","t12939","k",1997-07-26,2018-01-01 07:14:00,2018-01-01 08:00:00,FALSE
"talek","t13099","k",1997-08-03,2018-01-01 07:01:00,2018-01-01 07:37:00,FALSE
"talek","t13101","k",1997-08-03,2018-01-01 06:31:00,2018-01-01 06:59:00,FALSE
"talek","t1311","o",1990-11-11,2018-01-01 07:16:00,2018-01-01 08:25:00,TRUE
"talek","t13174","k",1997-08-08,2018-01-01 06:43:00,2018-01-01 07:19:00,FALSE
"talek","t13412.2","o",1997-09-05,2018-01-01 06:31:00,2018-01-01 06:36:00,TRUE
"talek","t13434","m",1997-09-07,2018-01-01 06:18:00,2018-01-01 06:35:00,FALSE
"talek","t13436","k",1997-09-07,2018-01-01 07:04:00,2018-01-01 07:20:00,FALSE
"talek","t135.2","d",1988-09-12,2018-01-01 06:28:00,2018-01-01 06:51:00,FALSE
"talek","t13536","k",1997-09-15,2018-01-01 06:35:00,2018-01-01 08:08:00,FALSE
"talek","t1360","k",1990-12-22,2018-01-01 07:00:00,2018-01-01 08:20:00,FALSE
"talek","t1361","d",1990-12-23,2018-01-01 17:44:00,2018-01-01 18:39:00,TRUE
"talek","t1365","o",1990-12-24,2018-01-01 07:22:00,2018-01-01 07:27:00,TRUE
"talek","t1369","d",1990-12-25,2018-01-01 17:58:00,2018-01-01 19:01:00,TRUE
"talek","t1373","d",1990-12-27,2018-01-01 17:32:00,2018-01-01 19:12:00,TRUE
"talek","t1374","k",1990-12-28,2018-01-01 07:22:00,2018-01-01 07:32:00,TRUE
"talek","t1386","k",1990-12-31,2018-01-01 06:15:00,2018-01-01 08:42:00,FALSE
"talek","t1388","d",1991-01-01,2018-01-01 06:16:00,2018-01-01 06:27:00,TRUE
"talek","t1388.2","o",1991-01-01,2018-01-01 07:06:00,2018-01-01 07:16:00,TRUE
"talek","t1389","o",1991-01-01,2018-01-01 07:26:00,2018-01-01 07:54:00,TRUE
"talek","t14018","o",1997-11-13,2018-01-01 17:52:00,2018-01-01 18:05:00,TRUE
"talek","t1411","o",1991-01-07,2018-01-01 18:36:00,2018-01-01 19:04:00,TRUE
"talek","t14470.8","k",1998-01-03,2018-01-01 06:59:00,2018-01-01 07:09:00,FALSE
"talek","t14471.4","k",1998-01-03,2018-01-01 07:34:00,2018-01-01 07:55:00,TRUE
"talek","t14480.6","k",1998-01-06,2018-01-01 06:19:00,2018-01-01 06:24:00,TRUE
"talek","t14581","o",1998-01-28,2018-01-01 08:19:00,2018-01-01 08:26:00,TRUE
"talek","t14626","o",1998-02-02,2018-01-01 06:56:00,2018-01-01 07:08:00,TRUE
"talek","t14632","k",1998-02-03,2018-01-01 07:10:00,2018-01-01 08:01:00,FALSE
"talek","t1468.1","o",1991-02-02,2018-01-01 07:20:00,2018-01-01 08:18:00,TRUE
"talek","t14687.2","o",1998-02-14,2018-01-01 18:35:00,2018-01-01 18:40:00,TRUE
"talek","t14743","k",1998-02-27,2018-01-01 18:29:00,2018-01-01 18:50:00,FALSE
"talek","t1480.2","o",1991-02-08,2018-01-01 07:23:00,2018-01-01 07:28:00,TRUE
"talek","t14802.1","o",1998-03-18,2018-01-01 07:47:00,2018-01-01 08:00:00,TRUE
"talek","t14815","k",1998-03-20,2018-01-01 07:49:00,2018-01-01 08:02:00,TRUE
"talek","t14998.1","o",1998-06-17,2018-01-01 06:08:00,2018-01-01 06:23:00,TRUE
"talek","t15042.2","o",1998-06-27,2018-01-01 18:41:00,2018-01-01 18:53:00,TRUE
"talek","t15074.1","o",1998-07-06,2018-01-01 06:19:00,2018-01-01 06:24:00,FALSE
"talek","t15089.3","k",1998-07-09,2018-01-01 08:08:00,2018-01-01 08:13:00,TRUE
"talek","t15102.2","o",1998-07-12,2018-01-01 18:01:00,2018-01-01 18:06:00,TRUE
"talek","t15103.1","o",1998-07-12,2018-01-01 18:41:00,2018-01-01 19:08:00,FALSE
"talek","t15106","k",1998-07-13,2018-01-01 07:36:00,2018-01-01 07:53:00,FALSE
"talek","t15170","c",1998-07-28,2018-01-01 07:03:00,2018-01-01 08:06:00,FALSE
"talek","t1525.3","o",1991-03-09,2018-01-01 07:05:00,2018-01-01 07:20:00,TRUE
"talek","t15257.4","o",1998-08-18,2018-01-01 07:12:00,2018-01-01 07:17:00,FALSE
"talek","t1529.1","d",1991-03-11,2018-01-01 06:40:00,2018-01-01 06:55:00,TRUE
"talek","t15304.2","o",1998-09-09,2018-01-01 06:35:00,2018-01-01 06:40:00,FALSE
"talek","t15357","k",1998-10-02,2018-01-01 06:34:00,2018-01-01 08:03:00,FALSE
"talek","t15382","c",1998-10-06,2018-01-01 06:28:00,2018-01-01 06:43:00,TRUE
"talek","t15398.4","o",1998-10-10,2018-01-01 07:26:00,2018-01-01 07:31:00,TRUE
"talek","t15465","k",1998-10-25,2018-01-01 05:59:00,2018-01-01 06:52:00,FALSE
"talek","t15467.1","c",1998-10-25,2018-01-01 18:28:00,2018-01-01 19:25:00,FALSE
"talek","t15488","o",1998-10-30,2018-01-01 06:05:00,2018-01-01 07:16:00,FALSE
"talek","t15491.1","o",1998-10-31,2018-01-01 06:23:00,2018-01-01 06:28:00,TRUE
"talek","t15668","k",1998-11-10,2018-01-01 06:10:00,2018-01-01 07:23:00,FALSE
"talek","t15675","o",1998-11-10,2018-01-01 18:01:00,2018-01-01 18:17:00,TRUE
"talek","t15682","o",1998-11-10,2018-01-01 18:50:00,2018-01-01 19:00:00,TRUE
"talek","t1569.3","o",1991-05-27,2018-01-01 06:58:00,2018-01-01 10:28:00,FALSE
"talek","t15703","k",1998-11-11,2018-01-01 07:13:00,2018-01-01 07:41:00,TRUE
"talek","t15756","k",1998-11-14,2018-01-01 06:37:00,2018-01-01 07:06:00,TRUE
"talek","t15766","k",1998-11-21,2018-01-01 06:03:00,2018-01-01 06:54:00,TRUE
"talek","t1578.1","o",1991-06-04,2018-01-01 17:30:00,2018-01-01 18:02:00,TRUE
"talek","t15821","o",1998-11-24,2018-01-01 06:52:00,2018-01-01 06:58:00,FALSE
"talek","t15881","k",1998-11-28,2018-01-01 06:01:00,2018-01-01 06:09:00,FALSE
"talek","t1589","o",1991-06-16,2018-01-01 06:44:00,2018-01-01 08:00:00,TRUE
"talek","t1598","k",1991-06-28,2018-01-01 17:10:00,2018-01-01 18:34:00,FALSE
"talek","t1602.1","k",1991-06-30,2018-01-01 17:33:00,2018-01-01 18:38:00,TRUE
"talek","t1603.1","k",1991-07-01,2018-01-01 06:34:00,2018-01-01 08:15:00,FALSE
"talek","t1605","k",1991-07-02,2018-01-01 16:20:00,2018-01-01 19:00:00,FALSE
"talek","t1612","k",1991-07-06,2018-01-01 17:20:00,2018-01-01 17:31:00,TRUE
"talek","t1625","o",1991-07-12,2018-01-01 06:35:00,2018-01-01 06:40:00,TRUE
"talek","t1627","k",1991-07-13,2018-01-01 06:07:00,2018-01-01 07:10:00,FALSE
"talek","t16309","k",1998-12-17,2018-01-01 06:33:00,2018-01-01 07:30:00,FALSE
"talek","t1636.1","k",1991-07-24,2018-01-01 06:40:00,2018-01-01 06:45:00,TRUE
"talek","t1637.1","k",1991-07-24,2018-01-01 18:38:00,2018-01-01 18:43:00,TRUE
"talek","t1638","k",1991-07-25,2018-01-01 06:25:00,2018-01-01 07:10:00,TRUE
"talek","t16391","k",1998-12-22,2018-01-01 05:52:00,2018-01-01 06:37:00,FALSE
"talek","t16441","o",1998-12-24,2018-01-01 06:33:00,2018-01-01 06:38:00,TRUE
"talek","t1651.2","k",1991-07-31,2018-01-01 07:13:00,2018-01-01 08:15:00,FALSE
"talek","t16522","k",1998-12-28,2018-01-01 18:10:00,2018-01-01 18:15:00,TRUE
"talek","t1654.8","o",1991-08-01,2018-01-01 16:50:00,2018-01-01 16:55:00,TRUE
"talek","t1659","o",1991-08-03,2018-01-01 07:05:00,2018-01-01 07:21:00,TRUE
"talek","t16676","k",1999-01-06,2018-01-01 07:18:00,2018-01-01 08:24:00,FALSE
"talek","t167","d",1988-10-10,2018-01-01 17:41:00,2018-01-01 18:44:00,TRUE
"talek","t1672","k",1991-08-11,2018-01-01 06:30:00,2018-01-01 06:55:00,TRUE
"talek","t16794","o",1999-01-16,2018-01-01 08:11:00,2018-01-01 08:16:00,TRUE
"talek","t16814","o",1999-01-25,2018-01-01 06:52:00,2018-01-01 06:57:00,TRUE
"talek","t16815","k",1999-01-25,2018-01-01 07:32:00,2018-01-01 07:44:00,TRUE
"talek","t16847","o",1999-01-27,2018-01-01 07:55:00,2018-01-01 08:33:00,FALSE
"talek","t1697","o",1991-08-30,2018-01-01 18:20:00,2018-01-01 18:25:00,TRUE
"talek","t17","d",1988-07-02,2018-01-01 06:34:00,2018-01-01 06:49:00,TRUE
"talek","t17.1","o",1988-07-02,2018-01-01 06:55:00,2018-01-01 07:00:00,TRUE
"talek","t1701.6","k",1991-09-01,2018-01-01 07:40:00,2018-01-01 07:45:00,TRUE
"talek","t17071","o",1999-02-12,2018-01-01 08:19:00,2018-01-01 08:24:00,TRUE
"talek","t1712.1","o",1991-09-05,2018-01-01 06:56:00,2018-01-01 07:44:00,TRUE
"talek","t17246","o",1999-02-25,2018-01-01 19:01:00,2018-01-01 19:13:00,TRUE
"talek","t1738","o",1991-09-14,2018-01-01 06:25:00,2018-01-01 06:30:00,TRUE
"talek","t1738.6","o",1991-09-14,2018-01-01 07:00:00,2018-01-01 08:23:00,FALSE
"talek","t1738.7","o",1991-09-14,2018-01-01 08:32:00,2018-01-01 09:25:00,TRUE
"talek","t17418","k",1999-03-09,2018-01-01 07:15:00,2018-01-01 07:27:00,TRUE
"talek","t1748.3","k",1991-09-20,2018-01-01 06:59:00,2018-01-01 08:00:00,TRUE
"talek","t17492","k",1999-03-17,2018-01-01 06:46:00,2018-01-01 07:49:00,FALSE
"talek","t1754.1","k",1991-09-21,2018-01-01 06:27:00,2018-01-01 08:25:00,TRUE
"talek","t17679","k",1999-04-14,2018-01-01 06:51:00,2018-01-01 07:22:00,FALSE
"talek","t17789","c",1999-04-20,2018-01-01 17:46:00,2018-01-01 18:26:00,FALSE
"talek","t17926","o",1999-04-27,2018-01-01 06:37:00,2018-01-01 06:43:00,TRUE
"talek","t17955","c",1999-04-28,2018-01-01 06:50:00,2018-01-01 07:48:00,TRUE
"talek","t18010","k",1999-05-01,2018-01-01 07:58:00,2018-01-01 08:30:00,FALSE
"talek","t18128","o",1999-05-07,2018-01-01 07:05:00,2018-01-01 07:10:00,TRUE
"talek","t1818","d",1991-10-25,2018-01-01 05:17:00,2018-01-01 07:55:00,TRUE
"talek","t18204","o",1999-05-11,2018-01-01 06:36:00,2018-01-01 06:41:00,TRUE
"talek","t1823","k",1991-10-27,2018-01-01 06:30:00,2018-01-01 06:50:00,TRUE
"talek","t1825","o",1991-10-28,2018-01-01 06:26:00,2018-01-01 07:39:00,TRUE
"talek","t18344","k",1999-05-22,2018-01-01 07:17:00,2018-01-01 07:42:00,TRUE
"talek","t1837.2","k",1991-11-05,2018-01-01 06:55:00,2018-01-01 07:00:00,TRUE
"talek","t18410","o",1999-05-26,2018-01-01 06:48:00,2018-01-01 07:36:00,FALSE
"talek","t18412","k",1999-05-26,2018-01-01 07:59:00,2018-01-01 08:23:00,TRUE
"talek","t18473","n",1999-05-31,2018-01-01 06:36:00,2018-01-01 07:03:00,TRUE
"talek","t1849","d",1991-11-09,2018-01-01 17:37:00,2018-01-01 18:50:00,TRUE
"talek","t18492","o",1999-06-01,2018-01-01 06:39:00,2018-01-01 06:44:00,TRUE
"talek","t1850","o",1991-11-10,2018-01-01 06:36:00,2018-01-01 07:35:00,TRUE
"talek","t18522","o",1999-06-02,2018-01-01 07:22:00,2018-01-01 07:40:00,TRUE
"talek","t18574","k",1999-06-06,2018-01-01 07:46:00,2018-01-01 08:00:00,TRUE
"talek","t1862","k",1991-11-15,2018-01-01 07:43:00,2018-01-01 08:20:00,TRUE
"talek","t1863.1","k",1991-11-15,2018-01-01 18:45:00,2018-01-01 18:55:00,FALSE
"talek","t1864","o",1991-11-15,2018-01-01 06:08:00,2018-01-01 07:59:00,FALSE
"talek","t1868.2","k",1991-11-18,2018-01-01 08:25:00,2018-01-01 08:38:00,TRUE
"talek","t1870.02","o",1991-11-19,2018-01-01 18:45:00,2018-01-01 18:50:00,FALSE
"talek","t18707","d",1999-06-14,2018-01-01 06:36:00,2018-01-01 08:16:00,FALSE
"talek","t1876","o",1991-11-21,2018-01-01 05:57:00,2018-01-01 07:20:00,TRUE
"talek","t1878","k",1991-11-21,2018-01-01 08:09:00,2018-01-01 08:30:00,TRUE
"talek","t1903.8","o",1991-12-01,2018-01-01 18:06:00,2018-01-01 18:11:00,TRUE
"talek","t1906.3","o",1991-12-03,2018-01-01 06:56:00,2018-01-01 07:01:00,TRUE
"talek","t1910","o",1991-12-05,2018-01-01 06:19:00,2018-01-01 06:28:00,TRUE
"talek","t19165","k",1999-07-22,2018-01-01 07:34:00,2018-01-01 07:39:00,TRUE
"talek","t19178","k",1999-07-23,2018-01-01 07:51:00,2018-01-01 08:26:00,FALSE
"talek","t19185","k",1999-07-24,2018-01-01 06:50:00,2018-01-01 07:11:00,TRUE
"talek","t1919.2","o",1991-12-17,2018-01-01 07:15:00,2018-01-01 07:20:00,TRUE
"talek","t19244","c",1999-07-29,2018-01-01 06:11:00,2018-01-01 08:00:00,TRUE
"talek","t1929.1","o",1991-12-22,2018-01-01 06:38:00,2018-01-01 06:43:00,TRUE
"talek","t19317","c",1999-08-03,2018-01-01 06:29:00,2018-01-01 07:13:00,FALSE
"talek","t1933","o",1991-12-23,2018-01-01 06:31:00,2018-01-01 06:45:00,TRUE
"talek","t19357","k",1999-08-05,2018-01-01 06:29:00,2018-01-01 07:32:00,FALSE
"talek","t19366","k",1999-08-06,2018-01-01 06:41:00,2018-01-01 07:52:00,FALSE
"talek","t19570","k",1999-08-18,2018-01-01 06:22:00,2018-01-01 07:30:00,FALSE
"talek","t19572","k",1999-08-18,2018-01-01 07:30:00,2018-01-01 08:45:00,FALSE
"talek","t1958","o",1992-01-07,2018-01-01 06:25:00,2018-01-01 07:15:00,TRUE
"talek","t1959","o",1992-01-07,2018-01-01 07:26:00,2018-01-01 08:42:00,FALSE
"talek","t1960.4","o",1992-01-08,2018-01-01 09:04:00,2018-01-01 09:09:00,TRUE
"talek","t19682","m",1999-09-03,2018-01-01 06:49:00,2018-01-01 07:51:00,FALSE
"talek","t1971","o",1992-01-23,2018-01-01 07:07:00,2018-01-01 07:53:00,TRUE
"talek","t1979","o",1992-01-29,2018-01-01 07:43:00,2018-01-01 07:52:00,TRUE
"talek","t19859","o",1999-09-17,2018-01-01 08:42:00,2018-01-01 08:53:00,TRUE
"talek","t19926","k",1999-09-23,2018-01-01 06:11:00,2018-01-01 07:08:00,FALSE
"talek","t19957","k",1999-09-26,2018-01-01 06:08:00,2018-01-01 06:28:00,TRUE
"talek","t2011","d",1992-03-04,2018-01-01 18:27:00,2018-01-01 19:11:00,TRUE
"talek","t2022","k",1992-03-08,2018-01-01 06:35:00,2018-01-01 09:21:00,TRUE
"talek","t2044","c",1992-03-31,2018-01-01 06:30:00,2018-01-01 06:40:00,TRUE
"talek","t2047","k",1992-04-01,2018-01-01 06:00:00,2018-01-01 09:00:00,FALSE
"talek","t2058","k",1992-04-08,2018-01-01 06:36:00,2018-01-01 08:00:00,FALSE
"talek","t206","d",1988-11-21,2018-01-01 17:30:00,2018-01-01 18:59:00,TRUE
"talek","t20602","o",1999-11-19,2018-01-01 07:17:00,2018-01-01 07:22:00,TRUE
"talek","t20815","k",1995-01-29,2018-01-01 06:51:00,2018-01-01 08:48:00,FALSE
"talek","t2085","o",1992-01-12,2018-01-01 06:27:00,2018-01-01 06:59:00,TRUE
"talek","t2086","o",1992-01-14,2018-01-01 07:17:00,2018-01-01 07:49:00,TRUE
"talek","t209.1","k",1988-11-22,2018-01-01 18:52:00,2018-01-01 18:57:00,TRUE
"talek","t2094","o",1992-01-24,2018-01-01 09:25:00,2018-01-01 09:53:00,TRUE
"talek","t20952","o",1995-03-03,2018-01-01 18:14:00,2018-01-01 19:25:00,FALSE
"talek","t2096.7","o",1991-12-20,2018-01-01 06:28:00,2018-01-01 06:33:00,TRUE
"talek","t21041","k",1999-12-03,2018-01-01 06:30:00,2018-01-01 07:25:00,TRUE
"talek","t21104","k",1999-12-06,2018-01-01 06:42:00,2018-01-01 06:54:00,FALSE
"talek","t21136","k",1999-12-08,2018-01-01 06:11:00,2018-01-01 07:38:00,FALSE
"talek","t2123.7","d",1992-05-03,2018-01-01 17:10:00,2018-01-01 17:15:00,TRUE
"talek","t2129.3","k",1992-05-06,2018-01-01 07:55:00,2018-01-01 08:00:00,TRUE
"talek","t21311","k",1999-12-18,2018-01-01 07:01:00,2018-01-01 08:05:00,FALSE
"talek","t21313","d",1999-12-18,2018-01-01 08:29:00,2018-01-01 08:34:00,TRUE
"talek","t2132","k",1992-05-07,2018-01-01 06:30:00,2018-01-01 08:06:00,TRUE
"talek","t2133.7","k",1992-05-08,2018-01-01 07:00:00,2018-01-01 07:05:00,TRUE
"talek","t2135","k",1992-05-08,2018-01-01 17:30:00,2018-01-01 18:50:00,FALSE
"talek","t21378","d",1999-12-22,2018-01-01 06:13:00,2018-01-01 06:38:00,FALSE
"talek","t21379","k",1999-12-22,2018-01-01 06:42:00,2018-01-01 06:48:00,TRUE
"talek","t21390","d",1999-12-23,2018-01-01 06:09:00,2018-01-01 07:06:00,FALSE
"talek","t21394","k",1999-12-23,2018-01-01 18:04:00,2018-01-01 18:56:00,FALSE
"talek","t21409","c",1999-12-24,2018-01-01 07:22:00,2018-01-01 07:27:00,TRUE
"talek","t21410","k",1999-12-24,2018-01-01 07:25:00,2018-01-01 07:30:00,TRUE
"talek","t21418","k",1999-12-25,2018-01-01 06:41:00,2018-01-01 06:56:00,FALSE
"talek","t21437","o",1999-12-26,2018-01-01 06:32:00,2018-01-01 06:50:00,TRUE
"talek","t21458","k",1999-12-27,2018-01-01 06:41:00,2018-01-01 07:08:00,TRUE
"talek","t21522","o",1999-12-31,2018-01-01 06:40:00,2018-01-01 07:06:00,TRUE
"talek","t2155","k",1992-05-23,2018-01-01 06:37:00,2018-01-01 07:55:00,TRUE
"talek","t2160.4","o",1992-05-25,2018-01-01 17:57:00,2018-01-01 18:02:00,TRUE
"talek","t21654","o",2000-01-07,2018-01-01 18:12:00,2018-01-01 18:17:00,TRUE
"talek","t2169","o",1992-05-31,2018-01-01 06:45:00,2018-01-01 07:40:00,FALSE
"talek","t21742","o",2000-01-24,2018-01-01 18:52:00,2018-01-01 18:57:00,FALSE
"talek","t21764","o",2000-01-26,2018-01-01 07:43:00,2018-01-01 08:01:00,TRUE
"talek","t2182","k",1992-06-08,2018-01-01 06:50:00,2018-01-01 07:17:00,TRUE
"talek","t2183","d",1992-06-08,2018-01-01 07:19:00,2018-01-01 07:41:00,TRUE
"talek","t2183.6","o",1992-06-08,2018-01-01 17:47:00,2018-01-01 17:52:00,TRUE
"talek","t21844","k",2000-01-31,2018-01-01 07:36:00,2018-01-01 08:00:00,TRUE
"talek","t21906","o",2000-02-05,2018-01-01 06:24:00,2018-01-01 06:29:00,TRUE
"talek","t2194","o",1992-06-12,2018-01-01 06:00:00,2018-01-01 06:45:00,TRUE
"talek","t22025","k",2000-02-12,2018-01-01 18:22:00,2018-01-01 18:27:00,TRUE
"talek","t22087","o",2000-02-16,2018-01-01 18:31:00,2018-01-01 19:23:00,FALSE
"talek","t221.3","o",1988-11-27,2018-01-01 07:53:00,2018-01-01 08:10:00,FALSE
"talek","t22162.1","o",2000-02-21,2018-01-01 18:07:00,2018-01-01 18:12:00,TRUE
"talek","t22191","o",2000-02-23,2018-01-01 07:30:00,2018-01-01 07:57:00,TRUE
"talek","t22209","o",2000-02-24,2018-01-01 18:40:00,2018-01-01 19:17:00,FALSE
"talek","t22278","k",2000-03-12,2018-01-01 06:43:00,2018-01-01 07:01:00,FALSE
"talek","t22367","k",2000-03-19,2018-01-01 07:03:00,2018-01-01 08:50:00,FALSE
"talek","t22529","k",2000-04-06,2018-01-01 19:05:00,2018-01-01 19:26:00,FALSE
"talek","t22543","k",2000-04-08,2018-01-01 06:49:00,2018-01-01 07:43:00,FALSE
"talek","t22551","o",2000-04-08,2018-01-01 18:27:00,2018-01-01 18:53:00,FALSE
"talek","t22876","c",2000-04-27,2018-01-01 06:35:00,2018-01-01 06:46:00,TRUE
"talek","t23112","o",2000-05-17,2018-01-01 06:44:00,2018-01-01 06:51:00,TRUE
"talek","t23142","o",2000-05-19,2018-01-01 18:16:00,2018-01-01 18:21:00,TRUE
"talek","t23212","k",2000-05-24,2018-01-01 06:59:00,2018-01-01 07:46:00,TRUE
"talek","t23314","o",2000-06-03,2018-01-01 06:53:00,2018-01-01 06:58:00,TRUE
"talek","t23357","k",2000-06-06,2018-01-01 07:04:00,2018-01-01 07:23:00,TRUE
"talek","t23381","k",2000-06-08,2018-01-01 06:22:00,2018-01-01 06:53:00,FALSE
"talek","t236","k",1988-12-03,2018-01-01 06:24:00,2018-01-01 07:00:00,TRUE
"talek","t23688","k",2000-07-07,2018-01-01 06:08:00,2018-01-01 08:04:00,FALSE
"talek","t24594","k",2000-09-18,2018-01-01 06:48:00,2018-01-01 06:53:00,FALSE
"talek","t25402","o",2000-12-06,2018-01-01 07:43:00,2018-01-01 07:49:00,FALSE
"talek","t25814","d",2001-01-10,2018-01-01 06:26:00,2018-01-01 06:37:00,TRUE
"talek","t25815","o",2001-01-10,2018-01-01 06:40:00,2018-01-01 06:53:00,TRUE
"talek","t26390","d",2001-03-12,2018-01-01 06:08:00,2018-01-01 06:32:00,TRUE
"talek","t26440","o",2001-03-15,2018-01-01 06:44:00,2018-01-01 06:51:00,TRUE
"talek","t26717","o",2001-04-04,2018-01-01 19:46:00,2018-01-01 19:51:00,TRUE
"talek","t269","o",1988-12-20,2018-01-01 06:32:00,2018-01-01 07:19:00,FALSE
"talek","t27017","k",2001-05-02,2018-01-01 18:10:00,2018-01-01 19:16:00,TRUE
"talek","t27189","o",2001-05-12,2018-01-01 06:44:00,2018-01-01 07:22:00,FALSE
"talek","t27233","k",2001-05-15,2018-01-01 07:17:00,2018-01-01 07:55:00,FALSE
"talek","t27237","d",2001-05-15,2018-01-01 18:42:00,2018-01-01 19:32:00,TRUE
"talek","t27256","o",2001-05-17,2018-01-01 07:26:00,2018-01-01 07:33:00,TRUE
"talek","t27353","k",2001-05-23,2018-01-01 07:34:00,2018-01-01 07:39:00,TRUE
"talek","t27425","k",2001-05-27,2018-01-01 06:46:00,2018-01-01 08:06:00,FALSE
"talek","t27743","o",2001-06-12,2018-01-01 08:03:00,2018-01-01 08:08:00,TRUE
"talek","t27770","k",2001-06-13,2018-01-01 07:24:00,2018-01-01 07:37:00,FALSE
"talek","t27824","o",2001-06-15,2018-01-01 05:51:00,2018-01-01 06:00:00,FALSE
"talek","t27847","o",2001-06-15,2018-01-01 19:04:00,2018-01-01 19:09:00,TRUE
"talek","t27947","o",2001-06-21,2018-01-01 06:19:00,2018-01-01 06:24:00,TRUE
"talek","t28037","k",2001-06-26,2018-01-01 06:54:00,2018-01-01 08:27:00,FALSE
"talek","t28126","k",2001-07-03,2018-01-01 06:01:00,2018-01-01 06:55:00,FALSE
"talek","t28215","o",2001-07-09,2018-01-01 06:55:00,2018-01-01 07:00:00,TRUE
"talek","t28354","k",2001-07-24,2018-01-01 06:22:00,2018-01-01 07:17:00,FALSE
"talek","t28506","k",2001-08-01,2018-01-01 19:47:00,2018-01-01 20:36:00,FALSE
"talek","t28662","k",2001-08-19,2018-01-01 05:51:00,2018-01-01 06:50:00,TRUE
"talek","t28843","o",2001-08-29,2018-01-01 07:20:00,2018-01-01 07:28:00,TRUE
"talek","t28870","d",2001-08-31,2018-01-01 05:45:00,2018-01-01 06:25:00,FALSE
"talek","t290.5","d",1988-12-29,2018-01-01 07:10:00,2018-01-01 07:15:00,TRUE
"talek","t29087","o",2001-09-16,2018-01-01 07:40:00,2018-01-01 07:45:00,TRUE
"talek","t29174","k",2001-09-20,2018-01-01 07:02:00,2018-01-01 07:07:00,TRUE
"talek","t29177","k",2001-09-20,2018-01-01 07:56:00,2018-01-01 09:01:00,FALSE
"talek","t29615","k",2001-10-26,2018-01-01 06:25:00,2018-01-01 06:30:00,TRUE
"talek","t29720","k",2001-11-03,2018-01-01 06:51:00,2018-01-01 06:56:00,FALSE
"talek","t29724","o",2001-11-03,2018-01-01 07:21:00,2018-01-01 07:40:00,TRUE
"talek","t29853","k",2001-11-10,2018-01-01 18:28:00,2018-01-01 18:40:00,TRUE
"talek","t29863","o",2001-11-11,2018-01-01 06:29:00,2018-01-01 06:45:00,TRUE
"talek","t29936","o",2001-11-17,2018-01-01 06:42:00,2018-01-01 07:07:00,FALSE
"talek","t29940","k",2001-11-17,2018-01-01 07:53:00,2018-01-01 08:13:00,FALSE
"talek","t3001","k",1992-06-14,2018-01-01 17:03:00,2018-01-01 18:16:00,FALSE
"talek","t3002","o",1992-06-15,2018-01-01 07:08:00,2018-01-01 07:24:00,TRUE
"talek","t3005","d",1992-06-16,2018-01-01 06:20:00,2018-01-01 07:39:00,FALSE
"talek","t3006","d",1992-06-16,2018-01-01 16:20:00,2018-01-01 18:07:00,FALSE
"talek","t3025","o",1992-07-11,2018-01-01 06:58:00,2018-01-01 07:36:00,TRUE
"talek","t30255","k",2001-12-01,2018-01-01 18:45:00,2018-01-01 19:31:00,FALSE
"talek","t3040","k",1992-07-16,2018-01-01 16:55:00,2018-01-01 18:21:00,TRUE
"talek","t30458","k",2001-12-12,2018-01-01 07:29:00,2018-01-01 07:51:00,TRUE
"talek","t30553.100","o",2001-12-21,2018-01-01 06:50:00,2018-01-01 06:55:00,TRUE
"talek","t30553.161","o",2001-12-25,2018-01-01 18:38:00,2018-01-01 18:44:00,TRUE
"talek","t30553.49","k",2001-12-18,2018-01-01 07:58:00,2018-01-01 08:15:00,TRUE
"talek","t30553.5","k",2001-12-17,2018-01-01 06:04:00,2018-01-01 06:19:00,FALSE
"talek","t30553.73","o",2001-12-19,2018-01-01 07:20:00,2018-01-01 07:27:00,TRUE
"talek","t30637","k",2002-01-08,2018-01-01 07:18:00,2018-01-01 07:25:00,TRUE
"talek","t3064","d",1992-07-24,2018-01-01 06:29:00,2018-01-01 07:28:00,FALSE
"talek","t3068.11","k",1992-07-29,2018-01-01 06:18:00,2018-01-01 06:26:00,TRUE
"talek","t30804","k",2002-01-22,2018-01-01 06:15:00,2018-01-01 06:20:00,TRUE
"talek","t30995","o",2002-02-07,2018-01-01 19:09:00,2018-01-01 19:14:00,TRUE
"talek","t31033","o",2002-02-09,2018-01-01 18:15:00,2018-01-01 18:52:00,TRUE
"talek","t31094","k",2002-02-11,2018-01-01 19:43:00,2018-01-01 20:39:00,FALSE
"talek","t31148","o",2002-02-14,2018-01-01 07:10:00,2018-01-01 07:30:00,FALSE
"talek","t31229","k",2002-02-18,2018-01-01 07:37:00,2018-01-01 08:38:00,FALSE
"talek","t31375","o",2002-02-24,2018-01-01 06:32:00,2018-01-01 06:37:00,TRUE
"talek","t31393","o",2002-02-24,2018-01-01 18:22:00,2018-01-01 18:27:00,TRUE
"talek","t31464","o",2002-02-27,2018-01-01 16:29:00,2018-01-01 16:34:00,TRUE
"talek","t31472","k",2002-02-27,2018-01-01 18:31:00,2018-01-01 18:36:00,TRUE
"talek","t31473","o",2002-02-27,2018-01-01 18:33:00,2018-01-01 18:38:00,TRUE
"talek","t3148","k",1992-09-19,2018-01-01 06:58:00,2018-01-01 08:07:00,FALSE
"talek","t31531","o",2002-03-01,2018-01-01 07:17:00,2018-01-01 07:22:00,TRUE
"talek","t3156","k",1992-09-21,2018-01-01 07:33:00,2018-01-01 07:54:00,TRUE
"talek","t31592","k",2002-03-04,2018-01-01 07:21:00,2018-01-01 07:47:00,FALSE
"talek","t31600","o",2002-03-06,2018-01-01 06:48:00,2018-01-01 07:34:00,TRUE
"talek","t31660","o",2002-03-08,2018-01-01 18:19:00,2018-01-01 18:25:00,TRUE
"talek","t31778","o",2002-03-17,2018-01-01 07:58:00,2018-01-01 08:03:00,TRUE
"talek","t31786","o",2002-03-18,2018-01-01 06:35:00,2018-01-01 07:15:00,FALSE
"talek","t31836","o",2002-03-20,2018-01-01 18:18:00,2018-01-01 18:23:00,TRUE
"talek","t3185","d",1992-10-14,2018-01-01 06:19:00,2018-01-01 06:45:00,TRUE
"talek","t3192","k",1992-10-16,2018-01-01 06:33:00,2018-01-01 08:44:00,FALSE
"talek","t31969","k",2002-03-26,2018-01-01 06:24:00,2018-01-01 06:32:00,TRUE
"talek","t32018","k",2002-03-28,2018-01-01 06:28:00,2018-01-01 06:43:00,FALSE
"talek","t3210","k",1992-10-23,2018-01-01 06:18:00,2018-01-01 07:18:00,TRUE
"talek","t32167","o",2002-04-06,2018-01-01 08:03:00,2018-01-01 08:08:00,TRUE
"talek","t32210","k",2002-04-09,2018-01-01 06:23:00,2018-01-01 06:37:00,FALSE
"talek","t3264","d",1992-11-01,2018-01-01 18:03:00,2018-01-01 18:50:00,TRUE
"talek","t3290","o",1992-11-22,2018-01-01 18:23:00,2018-01-01 18:57:00,TRUE
"talek","t3336","k",1992-12-20,2018-01-01 06:34:00,2018-01-01 09:15:00,FALSE
"talek","t3337","d",1992-12-20,2018-01-01 17:40:00,2018-01-01 18:50:00,TRUE
"talek","t3347","k",1992-11-26,2018-01-01 07:15:00,2018-01-01 07:46:00,FALSE
"talek","t3357","o",1992-12-24,2018-01-01 06:29:00,2018-01-01 08:06:00,TRUE
"talek","t3367","d",1992-12-28,2018-01-01 18:43:00,2018-01-01 19:09:00,TRUE
"talek","t3370","d",1992-12-30,2018-01-01 07:06:00,2018-01-01 07:49:00,TRUE
"talek","t3374.5","k",1992-12-30,2018-01-01 18:47:00,2018-01-01 19:33:00,FALSE
"talek","t339","o",1989-01-16,2018-01-01 17:05:00,2018-01-01 18:04:00,TRUE
"talek","t339.1","o",1989-01-16,2018-01-01 18:17:00,2018-01-01 18:44:00,FALSE
"talek","t34708","k",2002-06-23,2018-01-01 18:12:00,2018-01-01 18:39:00,TRUE
"talek","t3488","d",1993-04-19,2018-01-01 06:16:00,2018-01-01 06:30:00,TRUE
"talek","t3489","o",1993-04-19,2018-01-01 06:34:00,2018-01-01 07:32:00,TRUE
"talek","t3512","k",1993-05-03,2018-01-01 06:20:00,2018-01-01 09:17:00,FALSE
"talek","t35226","o",2002-08-12,2018-01-01 06:35:00,2018-01-01 07:17:00,TRUE
"talek","t3561.6","o",1992-12-02,2018-01-01 17:21:00,2018-01-01 17:26:00,TRUE
"talek","t3563","k",1992-12-03,2018-01-01 06:30:00,2018-01-01 07:16:00,TRUE
"talek","t35671","k",2002-09-19,2018-01-01 06:46:00,2018-01-01 06:59:00,TRUE
"talek","t3586","k",1993-01-09,2018-01-01 07:17:00,2018-01-01 08:05:00,FALSE
"talek","t36412","k",2002-11-19,2018-01-01 06:41:00,2018-01-01 07:20:00,FALSE
"talek","t36570","o",2002-12-06,2018-01-01 06:47:00,2018-01-01 07:32:00,FALSE
"talek","t36578","o",2002-12-06,2018-01-01 18:48:00,2018-01-01 18:58:00,FALSE
"talek","t36660","k",2002-12-12,2018-01-01 19:04:00,2018-01-01 19:34:00,FALSE
"talek","t36673","k",2002-12-16,2018-01-01 18:20:00,2018-01-01 19:15:00,FALSE
"talek","t3671.5","o",1992-12-24,2018-01-01 06:46:00,2018-01-01 06:51:00,TRUE
"talek","t36890","o",2003-01-14,2018-01-01 05:40:00,2018-01-01 05:45:00,TRUE
"talek","t36950","o",2003-01-19,2018-01-01 06:45:00,2018-01-01 07:46:00,FALSE
"talek","t36973","o",2003-01-22,2018-01-01 18:58:00,2018-01-01 19:22:00,FALSE
"talek","t37110","k",2003-02-06,2018-01-01 06:05:00,2018-01-01 07:02:00,FALSE
"talek","t3716","o",1993-01-25,2018-01-01 06:38:00,2018-01-01 07:15:00,FALSE
"talek","t37197","k",2003-02-15,2018-01-01 06:43:00,2018-01-01 07:05:00,FALSE
"talek","t37227","o",2003-02-18,2018-01-01 07:43:00,2018-01-01 07:48:00,TRUE
"talek","t3723","o",1993-01-26,2018-01-01 06:33:00,2018-01-01 09:00:00,TRUE
"talek","t3732.11","k",1993-02-01,2018-01-01 06:30:00,2018-01-01 06:54:00,TRUE
"talek","t3739","d",1993-02-04,2018-01-01 18:22:00,2018-01-01 19:15:00,FALSE
"talek","t37390","k",2003-03-04,2018-01-01 07:20:00,2018-01-01 08:11:00,TRUE
"talek","t3740","o",1993-02-06,2018-01-01 06:20:00,2018-01-01 08:17:00,FALSE
"talek","t37404","d",2003-03-05,2018-01-01 05:47:00,2018-01-01 06:29:00,TRUE
"talek","t3761","k",1993-02-09,2018-01-01 08:25:00,2018-01-01 08:30:00,TRUE
"talek","t37828","d",2003-04-12,2018-01-01 06:58:00,2018-01-01 07:14:00,TRUE
"talek","t37838","k",2003-04-13,2018-01-01 06:16:00,2018-01-01 07:31:00,FALSE
"talek","t37841","k",2003-04-13,2018-01-01 08:11:00,2018-01-01 08:16:00,FALSE
"talek","t37893","o",2003-04-18,2018-01-01 21:16:00,2018-01-01 21:21:00,TRUE
"talek","t379","d",1989-02-12,2018-01-01 18:42:00,2018-01-01 19:17:00,TRUE
"talek","t38121","k",2003-05-20,2018-01-01 19:12:00,2018-01-01 19:40:00,FALSE
"talek","t38308","o",2003-06-09,2018-01-01 18:31:00,2018-01-01 18:36:00,TRUE
"talek","t38309","o",2003-06-09,2018-01-01 18:36:00,2018-01-01 18:41:00,TRUE
"talek","t38490","k",2003-06-30,2018-01-01 07:01:00,2018-01-01 07:57:00,FALSE
"talek","t38556","k",2003-07-07,2018-01-01 05:51:00,2018-01-01 06:47:00,FALSE
"talek","t38590","k",2003-07-12,2018-01-01 08:10:00,2018-01-01 08:25:00,FALSE
"talek","t38604","k",2003-07-13,2018-01-01 06:32:00,2018-01-01 07:15:00,FALSE
"talek","t38613","o",2003-07-14,2018-01-01 06:46:00,2018-01-01 06:51:00,TRUE
"talek","t38652","k",2003-07-17,2018-01-01 07:06:00,2018-01-01 08:40:00,FALSE
"talek","t38704","o",2003-07-25,2018-01-01 17:53:00,2018-01-01 18:00:00,TRUE
"talek","t39072","k",2003-09-03,2018-01-01 09:00:00,2018-01-01 09:30:00,TRUE
"talek","t44196","o",2004-03-09,2018-01-01 06:37:00,2018-01-01 06:42:00,TRUE
"talek","t44198","k",2004-03-09,2018-01-01 06:55:00,2018-01-01 07:38:00,TRUE
"talek","t44726","o",2004-04-29,2018-01-01 18:03:00,2018-01-01 18:08:00,TRUE
"talek","t458","k",1989-03-25,2018-01-01 07:45:00,2018-01-01 08:37:00,FALSE
"talek","t461","d",1989-03-26,2018-01-01 17:37:00,2018-01-01 18:53:00,TRUE
"talek","t465.1","o",1989-03-28,2018-01-01 07:19:00,2018-01-01 07:24:00,TRUE
"talek","t467.6","o",1989-03-29,2018-01-01 07:15:00,2018-01-01 07:20:00,TRUE
"talek","t47839","o",2004-05-17,2018-01-01 18:37:00,2018-01-01 18:55:00,FALSE
"talek","t47845","k",2004-05-18,2018-01-01 06:03:00,2018-01-01 06:11:00,TRUE
"talek","t47869","o",2004-05-18,2018-01-01 18:56:00,2018-01-01 19:09:00,TRUE
"talek","t47873","o",2004-05-18,2018-01-01 19:49:00,2018-01-01 19:54:00,TRUE
"talek","t47932","o",2004-05-21,2018-01-01 17:55:00,2018-01-01 18:00:00,TRUE
"talek","t47939","o",2004-05-22,2018-01-01 05:59:00,2018-01-01 06:04:00,TRUE
"talek","t48032","k",2004-05-31,2018-01-01 06:00:00,2018-01-01 07:35:00,FALSE
"talek","t48051","o",2004-06-02,2018-01-01 06:43:00,2018-01-01 06:57:00,TRUE
"talek","t48111","o",2004-06-05,2018-01-01 06:55:00,2018-01-01 07:00:00,TRUE
"talek","t48112","o",2004-06-05,2018-01-01 07:01:00,2018-01-01 08:03:00,TRUE
"talek","t48123","k",2004-06-05,2018-01-01 19:11:00,2018-01-01 19:59:00,TRUE
"talek","t48201","k",2004-06-10,2018-01-01 08:05:00,2018-01-01 08:12:00,TRUE
"talek","t48208","o",2004-06-10,2018-01-01 19:17:00,2018-01-01 19:28:00,TRUE
"talek","t48251","o",2004-06-12,2018-01-01 08:00:00,2018-01-01 08:05:00,TRUE
"talek","t48262","o",2004-06-13,2018-01-01 17:55:00,2018-01-01 18:14:00,TRUE
"talek","t48314","o",2004-06-17,2018-01-01 07:01:00,2018-01-01 07:06:00,TRUE
"talek","t48440","o",2004-07-04,2018-01-01 07:23:00,2018-01-01 07:33:00,FALSE
"talek","t48855.1","k",2004-08-11,2018-01-01 07:34:00,2018-01-01 09:05:00,FALSE
"talek","t49403","k",2004-10-12,2018-01-01 06:26:00,2018-01-01 08:28:00,FALSE
"talek","t49476","k",2004-10-15,2018-01-01 05:39:00,2018-01-01 07:14:00,FALSE
"talek","t49635","o",2004-10-24,2018-01-01 06:11:00,2018-01-01 07:16:00,FALSE
"talek","t49685","k",2004-10-28,2018-01-01 06:03:00,2018-01-01 08:02:00,FALSE
"talek","t5006.2","d",1992-12-24,2018-01-01 06:46:00,2018-01-01 06:51:00,TRUE
"talek","t50077","k",2004-11-23,2018-01-01 06:42:00,2018-01-01 07:30:00,FALSE
"talek","t50126","k",2004-11-27,2018-01-01 06:17:00,2018-01-01 07:24:00,FALSE
"talek","t50169","k",2004-11-30,2018-01-01 06:51:00,2018-01-01 08:12:00,TRUE
"talek","t50183","c",2004-12-01,2018-01-01 06:02:00,2018-01-01 07:56:00,FALSE
"talek","t50291","o",2004-12-07,2018-01-01 06:46:00,2018-01-01 06:51:00,TRUE
"talek","t50293","k",2004-12-07,2018-01-01 07:08:00,2018-01-01 07:29:00,TRUE
"talek","t50339","d",2004-12-14,2018-01-01 18:32:00,2018-01-01 19:26:00,TRUE
"talek","t50454","k",2004-12-21,2018-01-01 18:27:00,2018-01-01 19:00:00,FALSE
"talek","t50466","o",2004-12-23,2018-01-01 06:31:00,2018-01-01 07:13:00,FALSE
"talek","t50469","o",2004-12-23,2018-01-01 18:14:00,2018-01-01 18:19:00,TRUE
"talek","t50561","k",2004-12-30,2018-01-01 06:03:00,2018-01-01 06:10:00,TRUE
"talek","t50664","o",2005-01-05,2018-01-01 05:55:00,2018-01-01 06:07:00,TRUE
"talek","t50675","o",2005-01-05,2018-01-01 07:14:00,2018-01-01 07:23:00,TRUE
"talek","t50720","k",2005-01-07,2018-01-01 06:40:00,2018-01-01 07:31:00,FALSE
"talek","t50886","o",2005-01-16,2018-01-01 06:13:00,2018-01-01 06:38:00,TRUE
"talek","t50887","k",2005-01-16,2018-01-01 07:15:00,2018-01-01 07:30:00,TRUE
"talek","t51068","k",2005-01-25,2018-01-01 05:51:00,2018-01-01 06:41:00,FALSE
"talek","t51109","o",2005-01-27,2018-01-01 07:19:00,2018-01-01 07:24:00,TRUE
"talek","t51149","o",2005-01-29,2018-01-01 07:32:00,2018-01-01 07:37:00,TRUE
"talek","t51306","k",2005-02-11,2018-01-01 16:11:00,2018-01-01 17:44:00,FALSE
"talek","t51596","c",2005-03-05,2018-01-01 06:14:00,2018-01-01 07:10:00,FALSE
"talek","t51756","o",2005-03-12,2018-01-01 06:42:00,2018-01-01 07:27:00,TRUE
"talek","t51854","o",2005-03-17,2018-01-01 06:11:00,2018-01-01 06:48:00,TRUE
"talek","t52021","c",2005-03-30,2018-01-01 18:50:00,2018-01-01 19:06:00,TRUE
"talek","t5208","k",1993-03-25,2018-01-01 17:00:00,2018-01-01 19:11:00,FALSE
"talek","t52200","c",2005-04-15,2018-01-01 06:18:00,2018-01-01 06:25:00,TRUE
"talek","t52215","k",2005-04-16,2018-01-01 06:13:00,2018-01-01 06:26:00,TRUE
"talek","t52231","o",2005-04-17,2018-01-01 18:16:00,2018-01-01 18:21:00,TRUE
"talek","t52329","o",2005-04-24,2018-01-01 07:15:00,2018-01-01 07:20:00,TRUE
"talek","t52344","o",2005-04-25,2018-01-01 18:31:00,2018-01-01 18:36:00,TRUE
"talek","t5237","k",1993-04-05,2018-01-01 06:33:00,2018-01-01 07:45:00,FALSE
"talek","t524","d",1989-05-21,2018-01-01 17:00:00,2018-01-01 18:36:00,TRUE
"talek","t52684","o",2005-05-07,2018-01-01 06:22:00,2018-01-01 07:00:00,TRUE
"talek","t5271","k",1993-04-18,2018-01-01 06:15:00,2018-01-01 08:38:00,FALSE
"talek","t52875","o",2005-06-01,2018-01-01 18:19:00,2018-01-01 18:33:00,TRUE
"talek","t53.5","k",1988-07-19,2018-01-01 08:02:00,2018-01-01 08:12:00,TRUE
"talek","t53014","k",2005-06-11,2018-01-01 06:12:00,2018-01-01 06:41:00,TRUE
"talek","t5304","k",1993-04-29,2018-01-01 06:25:00,2018-01-01 07:22:00,FALSE
"talek","t53055","c",2005-06-15,2018-01-01 06:46:00,2018-01-01 07:17:00,TRUE
"talek","t53057","k",2005-06-15,2018-01-01 06:16:00,2018-01-01 07:04:00,FALSE
"talek","t53065","k",2005-06-15,2018-01-01 19:02:00,2018-01-01 19:17:00,FALSE
"talek","t53074","k",2005-06-16,2018-01-01 06:10:00,2018-01-01 07:46:00,FALSE
"talek","t53110","k",2005-06-18,2018-01-01 06:03:00,2018-01-01 07:45:00,FALSE
"talek","t53124","o",2005-06-19,2018-01-01 18:08:00,2018-01-01 18:24:00,TRUE
"talek","t5320","k",1993-05-16,2018-01-01 06:50:00,2018-01-01 09:00:00,FALSE
"talek","t5326","c",1993-05-19,2018-01-01 17:59:00,2018-01-01 19:00:00,FALSE
"talek","t53277","k",2005-07-03,2018-01-01 06:22:00,2018-01-01 06:40:00,TRUE
"talek","t53495","c",2005-07-25,2018-01-01 07:00:00,2018-01-01 07:24:00,TRUE
"talek","t53581","k",2005-07-30,2018-01-01 06:16:00,2018-01-01 07:14:00,FALSE
"talek","t53591","o",2005-07-30,2018-01-01 18:04:00,2018-01-01 18:38:00,TRUE
"talek","t53594","o",2005-07-30,2018-01-01 19:04:00,2018-01-01 19:15:00,TRUE
"talek","t5360","k",1993-06-02,2018-01-01 06:25:00,2018-01-01 07:37:00,TRUE
"talek","t53639","k",2005-08-05,2018-01-01 06:54:00,2018-01-01 07:04:00,TRUE
"talek","t53731","o",2005-08-09,2018-01-01 06:18:00,2018-01-01 06:47:00,TRUE
"talek","t53827","o",2005-08-12,2018-01-01 06:44:00,2018-01-01 06:49:00,TRUE
"talek","t53843","o",2005-08-12,2018-01-01 18:36:00,2018-01-01 18:58:00,TRUE
"talek","t53858","o",2005-08-13,2018-01-01 07:22:00,2018-01-01 07:27:00,TRUE
"talek","t53992","k",2005-08-20,2018-01-01 06:10:00,2018-01-01 08:00:00,FALSE
"talek","t54209","o",2005-09-06,2018-01-01 07:37:00,2018-01-01 08:03:00,TRUE
"talek","t5432","o",1993-05-17,2018-01-01 06:18:00,2018-01-01 06:42:00,TRUE
"talek","t54390","k",2005-09-17,2018-01-01 07:11:00,2018-01-01 08:13:00,FALSE
"talek","t55002","o",2005-11-02,2018-01-01 18:20:00,2018-01-01 19:08:00,TRUE
"talek","t55171","k",2005-11-17,2018-01-01 06:47:00,2018-01-01 06:55:00,TRUE
"talek","t554","o",1989-05-30,2018-01-01 07:09:00,2018-01-01 07:39:00,FALSE
"talek","t55583","o",2005-12-15,2018-01-01 06:53:00,2018-01-01 06:58:00,TRUE
"talek","t55625","k",2005-12-17,2018-01-01 07:25:00,2018-01-01 07:48:00,FALSE
"talek","t5612","k",1993-07-31,2018-01-01 06:32:00,2018-01-01 07:42:00,FALSE
"talek","t56284","k",2006-01-23,2018-01-01 18:18:00,2018-01-01 19:48:00,FALSE
"talek","t56287","o",2006-01-23,2018-01-01 18:30:00,2018-01-01 18:41:00,TRUE
"talek","t56289","o",2006-01-24,2018-01-01 06:19:00,2018-01-01 06:50:00,FALSE
"talek","t5650","k",1993-07-29,2018-01-01 07:10:00,2018-01-01 09:20:00,FALSE
"talek","t567","k",1989-06-03,2018-01-01 07:30:00,2018-01-01 08:54:00,FALSE
"talek","t5683","d",1993-08-06,2018-01-01 17:42:00,2018-01-01 18:25:00,FALSE
"talek","t56968","o",2006-03-23,2018-01-01 17:07:00,2018-01-01 18:00:00,TRUE
"talek","t57064","k",2006-03-30,2018-01-01 18:41:00,2018-01-01 19:19:00,FALSE
"talek","t57106","k",2006-04-02,2018-01-01 07:02:00,2018-01-01 07:37:00,FALSE
"talek","t5728","k",1993-07-29,2018-01-01 06:33:00,2018-01-01 08:07:00,FALSE
"talek","t57426","o",2006-04-23,2018-01-01 06:17:00,2018-01-01 06:48:00,TRUE
"talek","t57429","o",2006-04-23,2018-01-01 07:10:00,2018-01-01 07:32:00,TRUE
"talek","t57440","o",2006-04-23,2018-01-01 18:24:00,2018-01-01 18:34:00,TRUE
"talek","t57449","o",2006-04-25,2018-01-01 17:32:00,2018-01-01 17:55:00,TRUE
"talek","t5747","k",1993-08-01,2018-01-01 06:40:00,2018-01-01 07:20:00,FALSE
"talek","t57480","k",2006-04-27,2018-01-01 06:05:00,2018-01-01 07:33:00,FALSE
"talek","t57520","o",2006-04-29,2018-01-01 08:59:00,2018-01-01 09:08:00,TRUE
"talek","t57574","o",2006-05-02,2018-01-01 18:16:00,2018-01-01 18:28:00,TRUE
"talek","t57668","o",2006-05-09,2018-01-01 06:46:00,2018-01-01 07:09:00,TRUE
"talek","t57764","k",2006-05-14,2018-01-01 06:48:00,2018-01-01 07:11:00,TRUE
"talek","t57811","o",2006-05-22,2018-01-01 18:06:00,2018-01-01 18:16:00,TRUE
"talek","t57854","o",2006-05-24,2018-01-01 16:18:00,2018-01-01 16:33:00,TRUE
"talek","t57947","k",2006-05-29,2018-01-01 06:16:00,2018-01-01 07:47:00,FALSE
"talek","t57957","k",2006-05-29,2018-01-01 18:32:00,2018-01-01 18:53:00,TRUE
"talek","t57990","o",2006-05-31,2018-01-01 06:36:00,2018-01-01 06:41:00,TRUE
"talek","t57999","o",2006-05-31,2018-01-01 18:14:00,2018-01-01 18:25:00,FALSE
"talek","t58014","k",2006-06-01,2018-01-01 17:55:00,2018-01-01 18:20:00,FALSE
"talek","t58038","d",2006-06-04,2018-01-01 06:15:00,2018-01-01 08:02:00,FALSE
"talek","t58097","o",2006-06-07,2018-01-01 06:53:00,2018-01-01 07:08:00,TRUE
"talek","t58193","k",2006-06-11,2018-01-01 17:29:00,2018-01-01 18:49:00,FALSE
"talek","t58235","o",2006-06-14,2018-01-01 07:59:00,2018-01-01 08:06:00,TRUE
"talek","t5825","c",1993-08-06,2018-01-01 07:00:00,2018-01-01 07:14:00,TRUE
"talek","t58286","o",2006-06-17,2018-01-01 06:07:00,2018-01-01 06:34:00,TRUE
"talek","t58472","k",2006-07-02,2018-01-01 07:15:00,2018-01-01 07:27:00,TRUE
"talek","t58980","o",2006-08-13,2018-01-01 07:47:00,2018-01-01 07:52:00,TRUE
"talek","t59051","o",2006-08-19,2018-01-01 06:11:00,2018-01-01 07:16:00,FALSE
"talek","t59956","o",2007-02-27,2018-01-01 07:58:00,2018-01-01 08:03:00,TRUE
"talek","t60071","k",2007-03-12,2018-01-01 20:42:00,2018-01-01 21:06:00,TRUE
"talek","t60232","o",2007-04-07,2018-01-01 09:36:00,2018-01-01 10:00:00,FALSE
"talek","t60238","o",2007-04-07,2018-01-01 19:11:00,2018-01-01 19:27:00,TRUE
"talek","t60278","o",2007-04-24,2018-01-01 18:32:00,2018-01-01 19:06:00,TRUE
"talek","t60348","o",2007-05-02,2018-01-01 07:14:00,2018-01-01 07:19:00,TRUE
"talek","t60455","o",2007-05-23,2018-01-01 06:07:00,2018-01-01 06:32:00,TRUE
"talek","t6086","k",1993-09-21,2018-01-01 06:30:00,2018-01-01 09:32:00,FALSE
"talek","t60953","d",2007-08-05,2018-01-01 07:06:00,2018-01-01 07:42:00,FALSE
"talek","t60968","o",2007-08-16,2018-01-01 08:15:00,2018-01-01 09:07:00,TRUE
"talek","t61001","k",2007-08-22,2018-01-01 06:55:00,2018-01-01 08:38:00,FALSE
"talek","t6106","k",1993-09-24,2018-01-01 08:19:00,2018-01-01 08:40:00,FALSE
"talek","t6107","o",1993-09-24,2018-01-01 17:38:00,2018-01-01 18:58:00,FALSE
"talek","t6108","d",1993-09-25,2018-01-01 06:15:00,2018-01-01 06:57:00,TRUE
"talek","t61203","c",2007-09-26,2018-01-01 18:25:00,2018-01-01 18:42:00,TRUE
"talek","t61582","c",2007-11-14,2018-01-01 06:07:00,2018-01-01 06:48:00,FALSE
"talek","t61708","k",2007-12-03,2018-01-01 06:10:00,2018-01-01 06:21:00,TRUE
"talek","t61877","k",2008-01-16,2018-01-01 06:30:00,2018-01-01 07:05:00,TRUE
"talek","t61944","o",2008-01-26,2018-01-01 18:42:00,2018-01-01 18:47:00,TRUE
"talek","t61950","o",2008-01-27,2018-01-01 07:29:00,2018-01-01 08:46:00,FALSE
"talek","t61957","c",2008-01-27,2018-01-01 18:57:00,2018-01-01 19:09:00,TRUE
"talek","t61959","o",2008-01-28,2018-01-01 08:03:00,2018-01-01 08:08:00,TRUE
"talek","t62011","k",2008-02-06,2018-01-01 06:48:00,2018-01-01 06:53:00,TRUE
"talek","t62017","k",2008-02-06,2018-01-01 09:49:00,2018-01-01 09:54:00,TRUE
"talek","t62018","o",2008-02-06,2018-01-01 10:05:00,2018-01-01 10:10:00,TRUE
"talek","t62049","o",2008-02-13,2018-01-01 06:59:00,2018-01-01 07:04:00,TRUE
"talek","t62229","o",2008-03-22,2018-01-01 06:33:00,2018-01-01 07:20:00,TRUE
"talek","t62232","k",2008-03-23,2018-01-01 06:27:00,2018-01-01 06:57:00,TRUE
"talek","t62244","k",2008-03-25,2018-01-01 06:29:00,2018-01-01 06:34:00,TRUE
"talek","t62245","o",2008-03-25,2018-01-01 06:39:00,2018-01-01 06:44:00,TRUE
"talek","t62246","o",2008-03-25,2018-01-01 06:45:00,2018-01-01 06:50:00,TRUE
"talek","t62253","o",2008-03-25,2018-01-01 18:23:00,2018-01-01 18:28:00,TRUE
"talek","t62255","k",2008-03-25,2018-01-01 18:31:00,2018-01-01 19:41:00,FALSE
"talek","t62264","o",2008-03-26,2018-01-01 18:04:00,2018-01-01 18:12:00,TRUE
"talek","t6228","d",1993-11-17,2018-01-01 05:53:00,2018-01-01 07:15:00,FALSE
"talek","t6233","d",1993-11-17,2018-01-01 18:09:00,2018-01-01 18:30:00,TRUE
"talek","t62375","o",2008-04-11,2018-01-01 18:47:00,2018-01-01 19:30:00,FALSE
"talek","t62413","k",2008-04-14,2018-01-01 06:07:00,2018-01-01 06:33:00,FALSE
"talek","t62438","k",2008-04-16,2018-01-01 06:19:00,2018-01-01 06:24:00,TRUE
"talek","t62520","o",2008-04-24,2018-01-01 19:12:00,2018-01-01 19:17:00,TRUE
"talek","t62668","o",2008-05-19,2018-01-01 18:34:00,2018-01-01 18:39:00,TRUE
"talek","t62860","o",2008-06-12,2018-01-01 18:18:00,2018-01-01 18:31:00,TRUE
"talek","t62861","o",2008-06-12,2018-01-01 18:33:00,2018-01-01 18:40:00,FALSE
"talek","t63213","o",2008-07-30,2018-01-01 05:48:00,2018-01-01 05:53:00,TRUE
"talek","t63323","k",2008-08-12,2018-01-01 06:18:00,2018-01-01 07:35:00,FALSE
"talek","t63348","k",2008-08-14,2018-01-01 06:54:00,2018-01-01 07:43:00,TRUE
"talek","t63638","k",2008-09-30,2018-01-01 17:33:00,2018-01-01 17:38:00,TRUE
"talek","t64183","o",2008-11-18,2018-01-01 06:50:00,2018-01-01 07:07:00,TRUE
"talek","t6419","d",1993-12-31,2018-01-01 06:30:00,2018-01-01 08:10:00,FALSE
"talek","t64205","o",2008-11-19,2018-01-01 06:14:00,2018-01-01 06:28:00,FALSE
"talek","t64207","o",2008-11-19,2018-01-01 06:36:00,2018-01-01 06:41:00,TRUE
"talek","t64258","o",2008-12-03,2018-01-01 06:49:00,2018-01-01 07:08:00,FALSE
"talek","t64288","o",2008-12-04,2018-01-01 06:38:00,2018-01-01 06:43:00,TRUE
"talek","t6433","c",1994-01-13,2018-01-01 06:25:00,2018-01-01 07:15:00,TRUE
"talek","t64374","o",2008-12-08,2018-01-01 18:36:00,2018-01-01 18:41:00,TRUE
"talek","t64386","k",2008-12-09,2018-01-01 05:59:00,2018-01-01 07:03:00,FALSE
"talek","t64446","o",2008-12-13,2018-01-01 06:45:00,2018-01-01 06:50:00,TRUE
"talek","t64477","o",2008-12-15,2018-01-01 06:22:00,2018-01-01 07:27:00,TRUE
"talek","t6452","o",1994-01-18,2018-01-01 07:18:00,2018-01-01 07:49:00,FALSE
"talek","t64548","o",2008-12-21,2018-01-01 18:05:00,2018-01-01 18:10:00,TRUE
"talek","t64570","k",2008-12-23,2018-01-01 05:31:00,2018-01-01 05:46:00,TRUE
"talek","t6461","k",1994-01-20,2018-01-01 07:19:00,2018-01-01 07:29:00,TRUE
"talek","t64651","k",2008-12-30,2018-01-01 05:52:00,2018-01-01 07:38:00,TRUE
"talek","t65","d",1988-07-22,2018-01-01 07:54:00,2018-01-01 08:21:00,TRUE
"talek","t65063","o",2009-02-18,2018-01-01 06:42:00,2018-01-01 07:59:00,TRUE
"talek","t65338","k",2009-05-26,2018-01-01 17:09:00,2018-01-01 18:18:00,TRUE
"talek","t65409","k",2009-05-31,2018-01-01 18:33:00,2018-01-01 18:48:00,TRUE
"talek","t65510","o",2009-06-10,2018-01-01 06:47:00,2018-01-01 06:52:00,TRUE
"talek","t65532","o",2009-06-11,2018-01-01 19:17:00,2018-01-01 19:56:00,FALSE
"talek","t65544","k",2009-06-12,2018-01-01 17:32:00,2018-01-01 19:02:00,FALSE
"talek","t6564","o",1994-02-17,2018-01-01 07:46:00,2018-01-01 08:15:00,FALSE
"talek","t65664","o",2009-06-21,2018-01-01 18:00:00,2018-01-01 18:05:00,TRUE
"talek","t66","k",1988-07-22,2018-01-01 17:40:00,2018-01-01 17:56:00,TRUE
"talek","t6626","k",1994-03-25,2018-01-01 06:54:00,2018-01-01 07:37:00,FALSE
"talek","t66369","k",2009-08-19,2018-01-01 06:56:00,2018-01-01 07:01:00,TRUE
"talek","t66407","o",2009-08-21,2018-01-01 06:49:00,2018-01-01 08:18:00,FALSE
"talek","t66419","k",2009-08-22,2018-01-01 08:40:00,2018-01-01 08:48:00,FALSE
"talek","t66446","o",2009-08-23,2018-01-01 18:58:00,2018-01-01 19:03:00,TRUE
"talek","t66471","o",2009-08-25,2018-01-01 19:01:00,2018-01-01 19:18:00,FALSE
"talek","t6665","o",1994-04-02,2018-01-01 06:38:00,2018-01-01 07:28:00,FALSE
"talek","t6679","o",1994-04-03,2018-01-01 07:48:00,2018-01-01 07:59:00,TRUE
"talek","t6699","o",1994-04-04,2018-01-01 08:36:00,2018-01-01 09:15:00,FALSE
"talek","t671","o",1989-08-10,2018-01-01 06:54:00,2018-01-01 08:20:00,FALSE
"talek","t67174","o",2009-10-16,2018-01-01 08:34:00,2018-01-01 08:39:00,TRUE
"talek","t6748","o",1994-04-17,2018-01-01 07:09:00,2018-01-01 07:14:00,TRUE
"talek","t67607","o",2009-11-26,2018-01-01 07:18:00,2018-01-01 07:29:00,FALSE
"talek","t67623","o",2009-11-28,2018-01-01 06:20:00,2018-01-01 07:26:00,FALSE
"talek","t67624","o",2009-11-28,2018-01-01 07:40:00,2018-01-01 07:48:00,TRUE
"talek","t67637","k",2009-11-29,2018-01-01 07:04:00,2018-01-01 07:24:00,TRUE
"talek","t67745","o",2009-12-07,2018-01-01 08:00:00,2018-01-01 08:29:00,TRUE
"talek","t67756","k",2009-12-08,2018-01-01 18:19:00,2018-01-01 18:47:00,FALSE
"talek","t6776","o",1994-04-22,2018-01-01 06:35:00,2018-01-01 06:45:00,TRUE
"talek","t67763","k",2009-12-10,2018-01-01 05:54:00,2018-01-01 06:41:00,FALSE
"talek","t67880","o",2009-12-22,2018-01-01 06:59:00,2018-01-01 07:39:00,FALSE
"talek","t67916","c",2009-12-24,2018-01-01 08:15:00,2018-01-01 08:32:00,TRUE
"talek","t67921","o",2009-12-27,2018-01-01 06:57:00,2018-01-01 07:02:00,TRUE
"talek","t68053","o",2010-01-17,2018-01-01 05:27:00,2018-01-01 05:34:00,FALSE
"talek","t68074","o",2010-01-20,2018-01-01 06:33:00,2018-01-01 06:43:00,TRUE
"talek","t68344","o",2010-02-06,2018-01-01 17:37:00,2018-01-01 17:42:00,TRUE
"talek","t68365","o",2010-02-07,2018-01-01 18:24:00,2018-01-01 18:29:00,TRUE
"talek","t6840","k",1994-04-28,2018-01-01 15:09:00,2018-01-01 15:14:00,TRUE
"talek","t68432","k",2010-02-11,2018-01-01 19:01:00,2018-01-01 19:06:00,TRUE
"talek","t68488","o",2010-02-22,2018-01-01 06:57:00,2018-01-01 07:02:00,TRUE
"talek","t68701","o",2010-03-19,2018-01-01 19:49:00,2018-01-01 19:54:00,TRUE
"talek","t68743","c",2010-03-23,2018-01-01 18:20:00,2018-01-01 18:53:00,TRUE
"talek","t68867","o",2010-03-30,2018-01-01 07:44:00,2018-01-01 07:51:00,FALSE
"talek","t68911","o",2010-04-02,2018-01-01 19:38:00,2018-01-01 19:43:00,TRUE
"talek","t68931","o",2010-04-03,2018-01-01 17:48:00,2018-01-01 17:55:00,TRUE
"talek","t68937","o",2010-04-03,2018-01-01 18:25:00,2018-01-01 18:30:00,TRUE
"talek","t69037","k",2010-04-09,2018-01-01 09:23:00,2018-01-01 10:15:00,FALSE
"talek","t69126","o",2010-04-16,2018-01-01 05:56:00,2018-01-01 06:01:00,TRUE
"talek","t69173","k",2010-04-20,2018-01-01 07:33:00,2018-01-01 08:21:00,FALSE
"talek","t69255","o",2010-04-26,2018-01-01 07:47:00,2018-01-01 07:52:00,TRUE
"talek","t69384","k",2010-04-30,2018-01-01 17:43:00,2018-01-01 18:59:00,FALSE
"talek","t6946","o",1994-05-07,2018-01-01 07:26:00,2018-01-01 07:31:00,TRUE
"talek","t69528","o",2010-05-06,2018-01-01 17:43:00,2018-01-01 17:48:00,TRUE
"talek","t69549","c",2010-05-08,2018-01-01 18:08:00,2018-01-01 18:14:00,FALSE
"talek","t69604","k",2010-05-16,2018-01-01 18:22:00,2018-01-01 19:08:00,FALSE
"talek","t69651","o",2010-05-20,2018-01-01 07:08:00,2018-01-01 07:24:00,FALSE
"talek","t69678","o",2010-05-21,2018-01-01 06:09:00,2018-01-01 06:22:00,TRUE
"talek","t69755","o",2010-05-24,2018-01-01 06:17:00,2018-01-01 06:22:00,TRUE
"talek","t69760","k",2010-05-24,2018-01-01 08:58:00,2018-01-01 09:03:00,TRUE
"talek","t6977","d",1994-05-18,2018-01-01 17:30:00,2018-01-01 18:34:00,TRUE
"talek","t69794","o",2010-05-27,2018-01-01 07:25:00,2018-01-01 07:33:00,TRUE
"talek","t70073","o",2010-06-13,2018-01-01 18:00:00,2018-01-01 18:05:00,FALSE
"talek","t70078","k",2010-06-13,2018-01-01 19:16:00,2018-01-01 19:40:00,FALSE
"talek","t70141","k",2010-06-17,2018-01-01 06:00:00,2018-01-01 07:39:00,FALSE
"talek","t70179","k",2010-06-18,2018-01-01 07:08:00,2018-01-01 08:00:00,FALSE
"talek","t70184","k",2010-06-18,2018-01-01 08:38:00,2018-01-01 08:52:00,FALSE
"talek","t708.5","o",1989-09-09,2018-01-01 17:35:00,2018-01-01 18:09:00,TRUE
"talek","t7081","o",1994-05-29,2018-01-01 06:35:00,2018-01-01 07:35:00,FALSE
"talek","t71475","c",2010-11-09,2018-01-01 19:00:00,2018-01-01 19:09:00,FALSE
"talek","t71681","k",2010-12-12,2018-01-01 06:16:00,2018-01-01 08:28:00,FALSE
"talek","t72105","o",2011-02-04,2018-01-01 18:23:00,2018-01-01 19:33:00,FALSE
"talek","t7219","d",1994-06-16,2018-01-01 17:50:00,2018-01-01 17:55:00,TRUE
"talek","t72258","d",2011-02-28,2018-01-01 07:52:00,2018-01-01 08:03:00,FALSE
"talek","t72266","o",2011-02-28,2018-01-01 18:36:00,2018-01-01 19:15:00,FALSE
"talek","t7228","k",1994-06-17,2018-01-01 07:58:00,2018-01-01 09:51:00,FALSE
"talek","t72320","k",2011-03-05,2018-01-01 06:27:00,2018-01-01 08:18:00,FALSE
"talek","t7242","k",1994-06-19,2018-01-01 07:20:00,2018-01-01 07:25:00,TRUE
"talek","t72506","k",2011-04-07,2018-01-01 18:34:00,2018-01-01 18:56:00,TRUE
"talek","t72524","k",2011-04-08,2018-01-01 07:01:00,2018-01-01 07:45:00,TRUE
"talek","t72826","o",2011-05-09,2018-01-01 19:05:00,2018-01-01 19:10:00,TRUE
"talek","t72963","k",2011-05-18,2018-01-01 18:57:00,2018-01-01 19:20:00,TRUE
"talek","t73124","k",2011-06-01,2018-01-01 06:00:00,2018-01-01 09:09:00,FALSE
"talek","t73151","c",2011-06-02,2018-01-01 07:07:00,2018-01-01 07:12:00,TRUE
"talek","t732.4","o",1989-09-19,2018-01-01 06:08:00,2018-01-01 06:13:00,TRUE
"talek","t733","k",1989-09-19,2018-01-01 06:27:00,2018-01-01 07:50:00,FALSE
"talek","t74336","k",2011-09-20,2018-01-01 08:01:00,2018-01-01 08:06:00,TRUE
"talek","t74551","o",2011-10-11,2018-01-01 07:45:00,2018-01-01 08:21:00,TRUE
"talek","t74674","c",2011-10-24,2018-01-01 05:49:00,2018-01-01 07:37:00,FALSE
"talek","t74888","k",2011-11-18,2018-01-01 19:35:00,2018-01-01 19:42:00,FALSE
"talek","t75684","c",2012-02-03,2018-01-01 07:19:00,2018-01-01 07:46:00,FALSE
"talek","t75951","c",2012-02-25,2018-01-01 06:19:00,2018-01-01 07:03:00,FALSE
"talek","t7598","k",1994-07-19,2018-01-01 19:07:00,2018-01-01 20:35:00,FALSE
"talek","t76041","o",2012-03-02,2018-01-01 07:17:00,2018-01-01 07:32:00,FALSE
"talek","t76330.1","k",2012-03-23,2018-01-01 05:20:00,2018-01-01 05:42:00,TRUE
"talek","t76598","k",2012-05-05,2018-01-01 16:33:00,2018-01-01 16:38:00,TRUE
"talek","t76692","o",2012-05-18,2018-01-01 17:37:00,2018-01-01 17:42:00,TRUE
"talek","t76694","o",2012-05-18,2018-01-01 17:43:00,2018-01-01 17:48:00,TRUE
"talek","t76723","o",2012-05-19,2018-01-01 17:57:00,2018-01-01 18:02:00,TRUE
"talek","t76744","o",2012-05-21,2018-01-01 06:18:00,2018-01-01 06:23:00,TRUE
"talek","t76926","o",2012-05-29,2018-01-01 17:53:00,2018-01-01 18:01:00,FALSE
"talek","t77022","o",2012-06-02,2018-01-01 17:29:00,2018-01-01 17:34:00,TRUE
"talek","t77099","o",2012-06-07,2018-01-01 06:32:00,2018-01-01 08:17:00,FALSE
"talek","t77224","o",2012-06-14,2018-01-01 05:49:00,2018-01-01 07:24:00,FALSE
"talek","t77237","k",2012-06-15,2018-01-01 17:57:00,2018-01-01 18:53:00,TRUE
"talek","t77250","k",2012-06-16,2018-01-01 05:52:00,2018-01-01 06:54:00,FALSE
"talek","t77254","o",2012-06-16,2018-01-01 05:57:00,2018-01-01 06:53:00,TRUE
"talek","t77256","k",2012-06-16,2018-01-01 06:59:00,2018-01-01 07:54:00,FALSE
"talek","t77286","k",2012-06-18,2018-01-01 05:52:00,2018-01-01 06:43:00,FALSE
"talek","t77290.1","c",2012-06-18,2018-01-01 05:49:00,2018-01-01 05:57:00,TRUE
"talek","t77348","o",2012-06-20,2018-01-01 07:13:00,2018-01-01 07:37:00,TRUE
"talek","t77458","o",2012-06-29,2018-01-01 17:51:00,2018-01-01 18:08:00,TRUE
"talek","t77479","c",2012-06-30,2018-01-01 08:10:00,2018-01-01 08:49:00,TRUE
"talek","t77667","k",2012-07-10,2018-01-01 07:42:00,2018-01-01 09:26:00,FALSE
"talek","t77681","k",2012-07-12,2018-01-01 06:42:00,2018-01-01 07:24:00,FALSE
"talek","t77684","c",2012-07-12,2018-01-01 07:54:00,2018-01-01 08:00:00,TRUE
"talek","t77685","o",2012-07-12,2018-01-01 08:02:00,2018-01-01 08:07:00,TRUE
"talek","t77721","o",2012-07-14,2018-01-01 06:44:00,2018-01-01 06:57:00,TRUE
"talek","t77724","c",2012-07-14,2018-01-01 07:13:00,2018-01-01 08:19:00,FALSE
"talek","t77749","o",2012-07-15,2018-01-01 07:50:00,2018-01-01 07:56:00,TRUE
"talek","t78360","c",2012-08-26,2018-01-01 08:33:00,2018-01-01 09:03:00,FALSE
"talek","t785","d",1989-10-19,2018-01-01 06:14:00,2018-01-01 07:18:00,TRUE
"talek","t78564","c",2012-09-17,2018-01-01 06:16:00,2018-01-01 08:05:00,FALSE
"talek","t78684","o",2012-09-22,2018-01-01 09:07:00,2018-01-01 09:34:00,FALSE
"talek","t78795","c",2012-10-01,2018-01-01 18:11:00,2018-01-01 19:03:00,FALSE
"talek","t78815","o",2012-10-03,2018-01-01 06:09:00,2018-01-01 07:45:00,FALSE
"talek","t78824","o",2012-10-03,2018-01-01 17:27:00,2018-01-01 17:32:00,TRUE
"talek","t78832","o",2012-10-03,2018-01-01 19:05:00,2018-01-01 19:22:00,FALSE
"talek","t79357","k",2012-11-16,2018-01-01 07:02:00,2018-01-01 08:05:00,FALSE
"talek","t79432","k",2012-11-20,2018-01-01 18:02:00,2018-01-01 18:42:00,FALSE
"talek","t79498","c",2012-11-25,2018-01-01 18:15:00,2018-01-01 18:36:00,FALSE
"talek","t7969","k",1994-09-16,2018-01-01 07:11:00,2018-01-01 09:19:00,TRUE
"talek","t79834","c",2012-12-17,2018-01-01 06:05:00,2018-01-01 07:49:00,FALSE
"talek","t80003","o",2012-12-30,2018-01-01 06:13:00,2018-01-01 06:36:00,TRUE
"talek","t8012","d",1994-09-27,2018-01-01 06:13:00,2018-01-01 08:08:00,FALSE
"talek","t80207","k",2013-01-19,2018-01-01 06:49:00,2018-01-01 07:41:00,FALSE
"talek","t80249","o",2013-01-22,2018-01-01 06:19:00,2018-01-01 06:48:00,FALSE
"talek","t80301","o",2013-01-24,2018-01-01 18:43:00,2018-01-01 18:48:00,TRUE
"talek","t80411","o",2013-01-28,2018-01-01 18:05:00,2018-01-01 18:10:00,TRUE
"talek","t80449","o",2013-02-01,2018-01-01 17:32:00,2018-01-01 17:40:00,TRUE
"talek","t80511","o",2013-02-07,2018-01-01 06:50:00,2018-01-01 06:58:00,TRUE
"talek","t81061","o",2013-06-08,2018-01-01 06:23:00,2018-01-01 06:42:00,TRUE
"talek","t81889","o",2013-04-06,2018-01-01 07:03:00,2018-01-01 08:15:00,FALSE
"talek","t8195","k",1994-10-18,2018-01-01 07:08:00,2018-01-01 09:50:00,FALSE
"talek","t82122","o",2013-05-03,2018-01-01 07:48:00,2018-01-01 08:02:00,FALSE
"talek","t82209","o",2013-05-07,2018-01-01 18:30:00,2018-01-01 18:38:00,TRUE
"talek","t82236","k",2013-05-08,2018-01-01 18:27:00,2018-01-01 18:32:00,FALSE
"talek","t82253","o",2013-05-11,2018-01-01 19:57:00,2018-01-01 20:02:00,TRUE
"talek","t82308","o",2013-05-14,2018-01-01 06:07:00,2018-01-01 06:12:00,TRUE
"talek","t82394","o",2013-05-19,2018-01-01 18:33:00,2018-01-01 18:42:00,TRUE
"talek","t82406","c",2013-05-20,2018-01-01 06:08:00,2018-01-01 08:09:00,FALSE
"talek","t82472","o",2013-05-22,2018-01-01 07:09:00,2018-01-01 07:42:00,TRUE
"talek","t82493","c",2013-05-23,2018-01-01 06:28:00,2018-01-01 06:38:00,TRUE
"talek","t82549","k",2013-05-26,2018-01-01 08:08:00,2018-01-01 08:54:00,FALSE
"talek","t8358","d",1994-12-28,2018-01-01 06:23:00,2018-01-01 06:56:00,TRUE
"talek","t8427","k",1995-02-10,2018-01-01 09:24:00,2018-01-01 09:53:00,FALSE
"talek","t843","o",1989-11-15,2018-01-01 07:30:00,2018-01-01 08:14:00,TRUE
"talek","t8431","k",1995-02-10,2018-01-01 18:00:00,2018-01-01 18:54:00,FALSE
"talek","t8449.4","o",1995-02-15,2018-01-01 07:53:00,2018-01-01 07:58:00,TRUE
"talek","t8450","k",1995-02-15,2018-01-01 08:12:00,2018-01-01 09:23:00,TRUE
"talek","t84642","o",2013-11-19,2018-01-01 06:32:00,2018-01-01 06:51:00,TRUE
"talek","t84818","o",2013-12-04,2018-01-01 06:39:00,2018-01-01 07:01:00,TRUE
"talek","t84829","o",2013-12-05,2018-01-01 06:37:00,2018-01-01 06:53:00,TRUE
"talek","t84831","c",2013-12-05,2018-01-01 06:56:00,2018-01-01 07:40:00,TRUE
"talek","t84930","k",2013-12-22,2018-01-01 07:10:00,2018-01-01 08:28:00,FALSE
"talek","t84963","d",2013-12-24,2018-01-01 19:00:00,2018-01-01 19:58:00,FALSE
"talek","t8558","c",1995-02-19,2018-01-01 07:29:00,2018-01-01 07:48:00,FALSE
"talek","t8580","o",1995-03-07,2018-01-01 19:00:00,2018-01-01 19:31:00,FALSE
"talek","t8581","k",1995-03-08,2018-01-01 09:06:00,2018-01-01 10:20:00,FALSE
"talek","t8626","n",1995-03-25,2018-01-01 09:03:00,2018-01-01 09:14:00,FALSE
"talek","t8626.1","d",1995-03-25,2018-01-01 19:10:00,2018-01-01 19:15:00,TRUE
"talek","t864","o",1989-11-25,2018-01-01 06:11:00,2018-01-01 08:23:00,FALSE
"talek","t8642.12","k",1995-04-09,2018-01-01 06:50:00,2018-01-01 06:55:00,TRUE
"talek","t867.1","o",1989-11-26,2018-01-01 06:08:00,2018-01-01 06:13:00,FALSE
"talek","t867.2","k",1989-11-25,2018-01-01 19:02:00,2018-01-01 19:12:00,TRUE
"talek","t8685","k",1995-05-27,2018-01-01 06:35:00,2018-01-01 08:10:00,TRUE
"talek","t8689.1","o",1995-05-28,2018-01-01 18:05:00,2018-01-01 18:36:00,TRUE
"talek","t8699","k",1995-06-03,2018-01-01 06:50:00,2018-01-01 10:43:00,FALSE
"talek","t8710.23","o",1995-06-10,2018-01-01 08:14:00,2018-01-01 08:19:00,TRUE
"talek","t8755","c",1995-07-12,2018-01-01 08:05:00,2018-01-01 08:47:00,TRUE
"talek","t8784.4","o",1995-07-25,2018-01-01 06:46:00,2018-01-01 07:04:00,TRUE
"talek","t8784.5","o",1995-07-25,2018-01-01 07:07:00,2018-01-01 07:12:00,FALSE
"talek","t879","k",1989-12-02,2018-01-01 06:46:00,2018-01-01 08:06:00,FALSE
"talek","t8820","k",1995-08-24,2018-01-01 06:15:00,2018-01-01 06:38:00,FALSE
"talek","t8856","o",1995-09-12,2018-01-01 18:30:00,2018-01-01 18:40:00,FALSE
"talek","t888","k",1989-12-13,2018-01-01 07:05:00,2018-01-01 07:52:00,TRUE
"talek","t888.1","k",1989-12-13,2018-01-01 10:30:00,2018-01-01 14:30:00,TRUE
"talek","t888.2","k",1989-12-13,2018-01-01 14:30:00,2018-01-01 15:30:00,TRUE
"talek","t889","k",1989-12-13,2018-01-01 16:54:00,2018-01-01 18:54:00,FALSE
"talek","t8895","k",1995-09-30,2018-01-01 06:40:00,2018-01-01 07:55:00,FALSE
"talek","t891","k",1989-12-14,2018-01-01 06:43:00,2018-01-01 07:59:00,TRUE
"talek","t8967.7","k",1995-11-16,2018-01-01 17:50:00,2018-01-01 17:57:00,TRUE
"talek","t8968","k",1995-11-16,2018-01-01 18:21:00,2018-01-01 18:58:00,FALSE
"talek","t9001","c",1995-12-03,2018-01-01 07:00:00,2018-01-01 08:27:00,FALSE
"talek","t9008.11","o",1995-12-10,2018-01-01 08:25:00,2018-01-01 08:47:00,TRUE
"talek","t9025","k",1995-12-24,2018-01-01 06:32:00,2018-01-01 09:05:00,TRUE
"talek","t905.3","o",1989-12-19,2018-01-01 06:22:00,2018-01-01 06:27:00,TRUE
"talek","t9052","k",1996-01-17,2018-01-01 06:35:00,2018-01-01 06:55:00,FALSE
"talek","t908.1","k",1989-12-19,2018-01-01 18:30:00,2018-01-01 18:40:00,TRUE
"talek","t908.2","d",1989-12-19,2018-01-01 18:50:00,2018-01-01 18:55:00,FALSE
"talek","t9098.3","o",1996-02-19,2018-01-01 08:04:00,2018-01-01 08:13:00,TRUE
"talek","t9106","k",1996-02-25,2018-01-01 06:35:00,2018-01-01 07:32:00,FALSE
"talek","t9110.2","o",1996-03-06,2018-01-01 08:17:00,2018-01-01 08:22:00,FALSE
"talek","t9114","k",1996-03-08,2018-01-01 07:28:00,2018-01-01 08:30:00,FALSE
"talek","t9116.15","d",1996-03-11,2018-01-01 06:34:00,2018-01-01 06:39:00,TRUE
"talek","t9117","d",1996-03-11,2018-01-01 06:36:00,2018-01-01 06:59:00,FALSE
"talek","t9118","d",1996-03-11,2018-01-01 18:07:00,2018-01-01 18:50:00,FALSE
"talek","t9132.2","o",1996-03-22,2018-01-01 07:30:00,2018-01-01 07:45:00,FALSE
"talek","t9140","d",1996-03-26,2018-01-01 08:17:00,2018-01-01 08:37:00,FALSE
"talek","t9149.1","d",1996-04-06,2018-01-01 18:53:00,2018-01-01 18:58:00,TRUE
"talek","t9161.11","d",1996-04-15,2018-01-01 18:46:00,2018-01-01 18:51:00,TRUE
"talek","t9162","o",1996-04-15,2018-01-01 18:50:00,2018-01-01 19:11:00,FALSE
"talek","t9166","o",1996-04-17,2018-01-01 06:40:00,2018-01-01 07:26:00,FALSE
"talek","t9171","k",1996-04-20,2018-01-01 06:40:00,2018-01-01 07:25:00,FALSE
"talek","t9179","o",1996-05-03,2018-01-01 17:53:00,2018-01-01 18:36:00,TRUE
"talek","t9180","k",1996-05-04,2018-01-01 06:25:00,2018-01-01 07:14:00,FALSE
"talek","t9185","m",1996-05-09,2018-01-01 06:31:00,2018-01-01 06:57:00,FALSE
"talek","t9199","k",1996-05-26,2018-01-01 07:00:00,2018-01-01 07:30:00,TRUE
"talek","t9213.14","o",1996-06-05,2018-01-01 07:08:00,2018-01-01 07:13:00,TRUE
"talek","t9214","c",1996-06-06,2018-01-01 06:35:00,2018-01-01 07:02:00,TRUE
"talek","t9219","k",1996-06-10,2018-01-01 18:38:00,2018-01-01 19:18:00,FALSE
"talek","t9220","o",1996-06-11,2018-01-01 06:25:00,2018-01-01 07:13:00,FALSE
"talek","t936.2","k",1990-01-13,2018-01-01 18:30:00,2018-01-01 18:45:00,FALSE
"talek","t9404","k",1996-06-19,2018-01-01 06:00:00,2018-01-01 06:05:00,TRUE
"talek","t9408","o",1996-06-19,2018-01-01 07:03:00,2018-01-01 07:08:00,TRUE
"talek","t9409","c",1996-06-19,2018-01-01 07:12:00,2018-01-01 07:17:00,TRUE
"talek","t9574","k",1996-06-24,2018-01-01 17:53:00,2018-01-01 18:27:00,FALSE
"talek","t9688","k",1996-06-29,2018-01-01 06:20:00,2018-01-01 06:30:00,TRUE
"talek","t9794","k",1996-07-09,2018-01-01 06:19:00,2018-01-01 08:08:00,FALSE
"talek","t9846","m",1996-07-11,2018-01-01 18:20:00,2018-01-01 18:56:00,FALSE
"talek","t9888","k",1996-07-14,2018-01-01 06:46:00,2018-01-01 07:25:00,FALSE
"talek","t9975","o",1996-07-19,2018-01-01 17:36:00,2018-01-01 18:11:00,TRUE
"talek","t85430","o",2014-01-28,2018-01-01 07:09:00,2018-01-01 07:25:00,FALSE
"talek","t85784","o",2014-02-21,2018-01-01 08:05:00,2018-01-01 08:10:00,TRUE
"talek","t86458","o",2014-05-04,2018-01-01 18:55:00,2018-01-01 19:00:00,TRUE
"talek","t87226","k",2014-07-07,2018-01-01 17:36:00,2018-01-01 17:41:00,TRUE
"talek","t85135","c",2014-01-07,2018-01-01 08:51:00,2018-01-01 09:13:00,TRUE
"talek","t89894","o",2015-01-15,2018-01-01 18:23:00,2018-01-01 18:33:00,TRUE
"talek","t85142","o",2014-01-07,2018-01-01 06:47:00,2018-01-01 07:20:00,FALSE
"talek","t85229","c",2014-01-11,2018-01-01 07:10:00,2018-01-01 08:38:00,FALSE
"talek","t89935","c",2015-01-17,2018-01-01 18:45:00,2018-01-01 19:04:00,TRUE
"talek","t89937","o",2015-01-17,2018-01-01 19:13:00,2018-01-01 19:18:00,TRUE
"talek","t89939","o",2015-01-17,2018-01-01 19:23:00,2018-01-01 19:27:00,TRUE
"talek","t85396","c",2014-01-26,2018-01-01 07:13:00,2018-01-01 07:56:00,TRUE
"talek","t85498","o",2014-02-02,2018-01-01 07:06:00,2018-01-01 07:52:00,FALSE
"talek","t92168","o",2015-08-03,2018-01-01 17:59:00,2018-01-01 18:04:00,TRUE
"talek","t92682","c",2015-09-12,2018-01-01 09:07:00,2018-01-01 09:12:00,TRUE
"talek","t91208","k",2015-05-10,2018-01-01 17:42:00,2018-01-01 18:00:00,FALSE
"talek","t89838","c",2015-01-08,2018-01-01 19:42:00,2018-01-01 19:47:00,TRUE
"talek","t89945","d",2015-01-18,2018-01-01 06:02:00,2018-01-01 07:53:00,FALSE
"talek","t90145","o",2015-01-28,2018-01-01 17:21:00,2018-01-01 17:26:00,TRUE
"talek","t90885","c",2015-03-23,2018-01-01 07:33:00,2018-01-01 07:45:00,FALSE
"talek","t91670","k",2015-07-04,2018-01-01 07:11:00,2018-01-01 08:17:00,FALSE
"talek","t91678","k",2015-07-05,2018-01-01 07:53:00,2018-01-01 07:58:00,TRUE
"talek","t91682","k",2015-07-05,2018-01-01 07:21:00,2018-01-01 07:39:00,FALSE
"talek","t92017","c",2015-07-27,2018-01-01 07:10:00,2018-01-01 07:25:00,TRUE
"talek","t92061","c",2015-07-29,2018-01-01 05:57:00,2018-01-01 07:02:00,FALSE
"talek","t92144","k",2015-08-02,2018-01-01 06:25:00,2018-01-01 06:42:00,TRUE
"talek","t92654","d",2015-09-09,2018-01-01 19:23:00,2018-01-01 19:59:00,TRUE
"talek","t92779","k",2015-09-28,2018-01-01 06:01:00,2018-01-01 07:08:00,TRUE
"talek","t7124","o",1994-06-04,,,TRUE
"happy.zebra","s648","c",2009-06-14,2018-01-01 06:26:00,2018-01-01 07:23:00,TRUE
"happy.zebra","s896","o",2009-11-18,2018-01-01 07:37:00,2018-01-01 07:59:00,TRUE
"serena.n","s2324","o",2009-09-22,2018-01-01 07:21:00,2018-01-01 07:36:00,TRUE
"serena.n","s2794","o",2010-05-14,2018-01-01 18:19:00,2018-01-01 18:50:00,FALSE
"serena.n","s2798","o",2010-05-16,2018-01-01 17:30:00,2018-01-01 18:50:00,FALSE
"serena.n","s2864","o",2010-06-03,2018-01-01 06:08:00,2018-01-01 06:09:00,TRUE
"serena.n","s3177","k",2010-11-04,2018-01-01 05:59:00,2018-01-01 06:10:00,FALSE
"serena.n","s3179","k",2010-11-04,2018-01-01 06:32:00,2018-01-01 07:48:00,FALSE
"serena.s","s3460","o",2009-02-10,2018-01-01 17:51:00,2018-01-01 17:56:00,TRUE
"serena.n","s5188","o",2011-07-05,2018-01-01 07:01:00,2018-01-01 07:18:00,TRUE
"serena.n","s6975","o",2011-09-29,2018-01-01 18:06:00,2018-01-01 18:16:00,TRUE
"happy.zebra","s7393","o",2011-05-15,2018-01-01 07:15:00,2018-01-01 07:26:00,TRUE
"serena.n","s10132","o",2013-07-26,2018-01-01 17:58:00,2018-01-01 18:02:00,TRUE
"serena.s","s8657","o",2012-02-08,2018-01-01 06:18:00,2018-01-01 06:39:00,TRUE
"serena.n","s11187.1","o",2013-10-28,2018-01-01 06:04:00,2018-01-01 06:05:00,TRUE
"happy.zebra","s12168","o",2013-02-02,2018-01-01 06:20:00,2018-01-01 06:38:00,TRUE
"happy.zebra","s13075","k",2014-10-14,2018-01-01 06:01:00,2018-01-01 06:22:00,TRUE
"serena.n","s14535","o",2014-12-31,2018-01-01 08:10:00,2018-01-01 08:11:00,TRUE
"happy.zebra","s16661","c",2015-05-28,2018-01-01 17:37:00,2018-01-01 17:38:00,TRUE
"serena.n","s17125","k",2015-08-17,2018-01-01 06:43:00,2018-01-01 06:57:00,TRUE
"happy.zebra","s18985","k",2016-03-15,2018-01-01 08:00:00,2018-01-01 08:14:00,TRUE
"serena.s","s5891.1","o",2011-12-20,2018-01-01 07:06:00,2018-01-01 07:13:00,TRUE
"serena.n","s6395","o",2011-05-26,2018-01-01 18:53:00,2018-01-01 18:54:00,TRUE
"happy.zebra","s986","o",2010-02-20,2018-01-01 08:19:00,2018-01-01 09:15:00,TRUE
"serena.n","s11279","c",2013-11-24,2018-01-01 06:30:00,2018-01-01 07:03:00,FALSE
"happy.zebra","s485","k",2009-04-10,2018-01-01 17:58:00,2018-01-01 18:33:00,TRUE
"happy.zebra","s545","o",2009-05-05,2018-01-01 06:44:00,2018-01-01 07:16:00,TRUE
"happy.zebra","s16358","c",2015-04-18,2018-01-01 08:02:00,2018-01-01 09:09:00,FALSE
"serena.n","s1606","o",2008-11-08,2018-01-01 17:52:00,2018-01-01 17:53:00,TRUE
"serena.n","s2271","o",2009-08-26,2018-01-01 05:53:00,2018-01-01 05:54:00,TRUE
"serena.n","s2548","k",2010-03-12,2018-01-01 07:02:00,2018-01-01 07:53:00,TRUE
"happy.zebra","s16338","d",2015-04-07,2018-01-01 06:29:00,2018-01-01 07:43:00,FALSE
"serena.n","s10407","o",2013-03-15,2018-01-01 06:38:00,2018-01-01 07:05:00,TRUE
"happy.zebra","s16360","c",2015-04-18,2018-01-01 17:55:00,2018-01-01 19:02:00,TRUE
"serena.s","s3985","o",2010-01-20,2018-01-01 07:20:00,2018-01-01 07:25:00,FALSE
"happy.zebra","s12205","k",2013-03-01,2018-01-01 06:38:00,2018-01-01 08:17:00,FALSE
"happy.zebra","s16365","o",2015-04-20,2018-01-01 17:25:00,2018-01-01 17:33:00,TRUE
"serena.s","s4031","o",2010-03-09,2018-01-01 18:01:00,2018-01-01 18:02:00,TRUE
"happy.zebra","s20456.1","k",2016-09-09,2018-01-01 06:35:00,2018-01-01 08:11:00,FALSE
"serena.n","s20645","o",2016-12-21,2018-01-01 17:39:00,2018-01-01 18:00:00,TRUE
"serena.n","s20536","k",2016-10-20,2018-01-01 08:08:00,2018-01-01 08:43:00,FALSE
"serena.n","s10894","k",2013-08-06,2018-01-01 06:51:00,2018-01-01 08:31:00,FALSE
"serena.n","s11340","k",2013-12-08,2018-01-01 06:21:00,2018-01-01 07:22:00,FALSE
"serena.n","s11114","o",2013-10-10,2018-01-01 06:31:00,2018-01-01 06:49:00,TRUE
"serena.n","s11294","d",2013-11-27,2018-01-01 07:47:00,2018-01-01 08:02:00,TRUE
"serena.n","s11322","o",2013-12-03,2018-01-01 07:58:00,2018-01-01 08:25:00,FALSE
"serena.n","s5974","k",2011-01-15,2018-01-01 06:48:00,2018-01-01 10:30:00,FALSE
"serena.n","s16411","o",2015-04-21,2018-01-01 17:45:00,2018-01-01 17:51:00,TRUE
"serena.n","s6326","o",2011-05-16,2018-01-01 07:11:00,2018-01-01 08:26:00,FALSE
"serena.n","s1648","k",2008-11-16,2018-01-01 17:41:00,2018-01-01 18:10:00,TRUE
"happy.zebra","s7390","d",2011-05-13,2018-01-01 18:01:00,2018-01-01 19:02:00,TRUE
"serena.n","s7096","m",2011-11-08,2018-01-01 09:00:00,2018-01-01 09:33:00,TRUE
"happy.zebra","s7508","k",2011-06-24,2018-01-01 06:51:00,2018-01-01 08:30:00,FALSE
"serena.s","s11777","k",2013-08-08,2018-01-01 06:16:00,2018-01-01 07:16:00,FALSE
"serena.n","s10133.1","o",2013-07-26,2018-01-01 18:11:00,2018-01-01 18:58:00,TRUE
"serena.n","s6216","o",2011-04-02,2018-01-01 17:48:00,2018-01-01 18:35:00,TRUE
"happy.zebra","s12196","o",2013-02-20,2018-01-01 06:34:00,2018-01-01 07:52:00,FALSE
"happy.zebra","s12223","o",2013-03-17,2018-01-01 07:35:00,2018-01-01 07:50:00,TRUE
"serena.n","s2098","k",2009-06-21,2018-01-01 08:23:00,2018-01-01 09:33:00,FALSE
"serena.s","s5280","d",2011-08-04,2018-01-01 16:24:00,2018-01-01 18:46:00,TRUE
"serena.s","s5434","k",2011-10-16,2018-01-01 08:26:00,2018-01-01 09:36:00,FALSE
"serena.s","s5803","k",2011-11-30,2018-01-01 09:01:00,2018-01-01 09:49:00,FALSE
"serena.n","s6325","d",2011-05-16,2018-01-01 05:51:00,2018-01-01 07:10:00,FALSE
"happy.zebra","s644","o",2009-06-13,2018-01-01 18:27:00,2018-01-01 18:39:00,TRUE
"serena.n","s7790","c",2012-06-07,2018-01-01 06:20:00,2018-01-01 06:26:00,TRUE
"happy.zebra","s953","c",2010-01-13,2018-01-01 06:59:00,2018-01-01 07:11:00,TRUE
"serena.n","s6220","c",2011-04-04,2018-01-01 07:18:00,2018-01-01 07:57:00,FALSE
"happy.zebra","s13028","k",2014-08-23,2018-01-01 06:34:00,2018-01-01 07:06:00,FALSE
"serena.n","s13473","o",2014-03-02,2018-01-01 07:43:00,2018-01-01 09:05:00,TRUE
"serena.n","s13641","o",2014-04-05,2018-01-01 17:05:00,2018-01-01 17:06:00,TRUE
"serena.n","s13642","c",2014-04-05,2018-01-01 17:11:00,2018-01-01 17:42:00,TRUE
"serena.n","s13590","k",2014-03-27,2018-01-01 08:18:00,2018-01-01 08:46:00,TRUE
"serena.n","s13640","c",2014-04-05,2018-01-01 07:50:00,2018-01-01 09:06:00,FALSE
"serena.n","s13672","o",2014-04-11,2018-01-01 06:55:00,2018-01-01 07:00:00,TRUE
"serena.n","s13674","o",2014-04-11,2018-01-01 07:52:00,2018-01-01 07:53:00,TRUE
"serena.n","s13733","o",2014-04-17,2018-01-01 08:34:00,2018-01-01 08:41:00,TRUE
"serena.n","s13695","c",2014-04-13,2018-01-01 18:12:00,2018-01-01 19:14:00,FALSE
"serena.n","s13829","k",2014-05-14,2018-01-01 18:16:00,2018-01-01 19:13:00,FALSE
"serena.s","s15284","c",2014-12-21,2018-01-01 08:13:00,2018-01-01 08:18:00,TRUE
"serena.n","s13944","k",2014-06-12,2018-01-01 05:47:00,2018-01-01 06:15:00,FALSE
"serena.n","s14315","k",2014-09-22,2018-01-01 06:50:00,2018-01-01 07:52:00,TRUE
"serena.n","s14471","o",2014-11-24,2018-01-01 08:31:00,2018-01-01 08:32:00,TRUE
"serena.n","s14472","k",2014-11-25,2018-01-01 17:13:00,2018-01-01 18:15:00,TRUE
"serena.s","s14673","k",2014-02-27,2018-01-01 07:12:00,2018-01-01 07:25:00,FALSE
"serena.s","s15479","k",2015-03-02,2018-01-01 08:10:00,2018-01-01 08:41:00,FALSE
"happy.zebra","s0.12","k",2008-06-24,2018-01-01 06:39:00,2018-01-01 07:10:00,FALSE
"serena.n","s15702","k",2015-01-28,2018-01-01 06:29:00,2018-01-01 06:41:00,FALSE
"happy.zebra","s0.16","o",2008-06-24,2018-01-01 16:47:00,2018-01-01 16:52:00,TRUE
"happy.zebra","s0.21","o",2008-06-26,2018-01-01 17:50:00,2018-01-01 17:55:00,TRUE
"happy.zebra","s1257","o",2010-11-26,2018-01-01 07:08:00,2018-01-01 07:52:00,FALSE
"serena.n","s2058","o",2009-06-08,2018-01-01 06:43:00,2018-01-01 07:03:00,FALSE
"serena.s","s16008","o",2015-03-31,2018-01-01 18:32:00,2018-01-01 18:37:00,TRUE
"happy.zebra","s16012","k",2015-01-02,2018-01-01 08:23:00,2018-01-01 09:46:00,FALSE
"happy.zebra","s16055","c",2015-01-17,2018-01-01 06:19:00,2018-01-01 08:20:00,FALSE
"happy.zebra","s16089","o",2015-02-01,2018-01-01 06:21:00,2018-01-01 06:50:00,TRUE
"happy.zebra","s16090","o",2015-02-01,2018-01-01 07:03:00,2018-01-01 07:08:00,TRUE
"happy.zebra","s16093","o",2015-02-01,2018-01-01 07:58:00,2018-01-01 08:03:00,TRUE
"happy.zebra","s16119","c",2015-02-12,2018-01-01 07:49:00,2018-01-01 07:57:00,FALSE
"happy.zebra","s16097","o",2015-02-01,2018-01-01 18:22:00,2018-01-01 19:07:00,FALSE
"happy.zebra","s16215","c",2015-03-10,2018-01-01 06:28:00,2018-01-01 07:30:00,FALSE
"happy.zebra","s16267","c",2015-03-16,2018-01-01 09:00:00,2018-01-01 09:48:00,FALSE
"happy.zebra","s16244","o",2015-03-12,2018-01-01 18:43:00,2018-01-01 18:50:00,TRUE
"happy.zebra","s16268","c",2015-03-16,2018-01-01 12:00:00,2018-01-01 12:05:00,FALSE
"happy.zebra","s16278","c",2015-03-16,2018-01-01 19:03:00,2018-01-01 19:54:00,TRUE
"happy.zebra","s16281","c",2015-03-17,2018-01-01 07:34:00,2018-01-01 08:31:00,FALSE
"happy.zebra","s16282","c",2015-03-17,2018-01-01 17:27:00,2018-01-01 17:48:00,TRUE
"happy.zebra","s16292","c",2015-03-18,2018-01-01 08:16:00,2018-01-01 08:42:00,TRUE
"happy.zebra","s16318","k",2015-03-25,2018-01-01 07:06:00,2018-01-01 07:30:00,FALSE
"serena.s","s5751","c",2011-11-23,2018-01-01 06:42:00,2018-01-01 07:02:00,TRUE
"happy.zebra","s642","k",2009-06-13,2018-01-01 06:24:00,2018-01-01 08:49:00,TRUE
"happy.zebra","s7512","k",2011-06-29,2018-01-01 06:31:00,2018-01-01 08:51:00,FALSE
"serena.n","s2902","k",2010-06-13,2018-01-01 06:30:00,2018-01-01 09:36:00,TRUE
"happy.zebra","s472","k",2009-04-05,2018-01-01 18:37:00,2018-01-01 19:12:00,TRUE
"serena.s","s5609","k",2011-11-11,2018-01-01 06:10:00,2018-01-01 06:57:00,TRUE
"serena.n","s3303","k",2010-12-20,2018-01-01 07:49:00,2018-01-01 08:30:00,TRUE
"serena.n","s13964","k",2014-06-23,2018-01-01 08:33:00,2018-01-01 09:10:00,FALSE
"happy.zebra","s16675","c",2015-05-29,2018-01-01 17:50:00,2018-01-01 20:11:00,FALSE
"happy.zebra","s16668","c",2015-05-28,2018-01-01 20:11:00,2018-01-01 20:12:00,TRUE
"serena.s","s16699","d",2015-04-13,2018-01-01 17:18:00,2018-01-01 17:27:00,TRUE
"serena.n","s17010","c",2015-07-16,2018-01-01 06:07:00,2018-01-01 07:10:00,TRUE
"serena.s","s18134","c",2016-01-03,2018-01-01 05:48:00,2018-01-01 05:56:00,TRUE
"serena.n","s18014","k",2015-11-16,2018-01-01 19:33:00,2018-01-01 19:38:00,TRUE
"serena.s","s18282","c",2016-02-01,2018-01-01 07:10:00,2018-01-01 07:39:00,FALSE
"serena.s","s3488","c",2009-02-19,2018-01-01 18:18:00,2018-01-01 19:04:00,FALSE
"serena.s","s3526","o",2009-03-12,2018-01-01 06:36:00,2018-01-01 07:07:00,TRUE
"serena.s","s3620","k",2009-05-29,2018-01-01 18:05:00,2018-01-01 19:06:00,FALSE
"serena.n","s18794","k",2016-03-05,2018-01-01 08:35:00,2018-01-01 09:23:00,FALSE
"happy.zebra","s19097","d",2016-05-23,2018-01-01 06:26:00,2018-01-01 06:50:00,TRUE
"serena.n","s19339","o",2016-05-12,2018-01-01 08:34:00,2018-01-01 08:41:00,TRUE
"serena.n","s19478","k",2016-06-27,2018-01-01 17:31:00,2018-01-01 18:29:00,FALSE
"serena.s","s19535","k",2016-04-13,2018-01-01 19:55:00,2018-01-01 20:20:00,TRUE
"serena.s","s19675","o",2016-05-19,2018-01-01 18:16:00,2018-01-01 18:46:00,FALSE
"happy.zebra","s16674","c",2015-05-29,2018-01-01 07:32:00,2018-01-01 08:46:00,TRUE
"happy.zebra","s20360","c",2016-07-16,2018-01-01 06:58:00,2018-01-01 07:15:00,TRUE
"serena.s","s4082","o",2010-04-03,2018-01-01 07:38:00,2018-01-01 07:40:00,TRUE
"serena.s","s3672","c",2009-07-03,2018-01-01 07:51:00,2018-01-01 08:48:00,FALSE
"serena.s","s3676","c",2009-07-03,2018-01-01 19:01:00,2018-01-01 19:13:00,TRUE
"serena.s","s3834","d",2009-10-10,2018-01-01 06:43:00,2018-01-01 07:48:00,FALSE
"serena.s","s3938","d",2009-12-26,2018-01-01 18:31:00,2018-01-01 19:06:00,TRUE
"serena.s","s4564","d",2010-12-18,2018-01-01 07:00:00,2018-01-01 08:02:00,TRUE
"serena.s","s4660","o",2011-01-06,2018-01-01 07:32:00,2018-01-01 07:40:00,TRUE
"serena.s","s4663","d",2011-01-06,2018-01-01 06:28:00,2018-01-01 07:30:00,TRUE
"serena.s","s4709","o",2011-01-17,2018-01-01 18:38:00,2018-01-01 18:39:00,TRUE
"serena.s","s4886","d",2011-02-21,2018-01-01 06:21:00,2018-01-01 07:28:00,TRUE
"serena.s","s4944","o",2011-03-26,2018-01-01 07:16:00,2018-01-01 07:32:00,TRUE
"happy.zebra","s20840","o",2016-10-22,2018-01-01 07:38:00,2018-01-01 07:59:00,TRUE
"happy.zebra","s20876","o",2016-11-15,2018-01-01 06:07:00,2018-01-01 06:08:00,FALSE
"happy.zebra","s20903","k",2016-12-11,2018-01-01 07:48:00,2018-01-01 08:29:00,FALSE
"talek","t62087","o",2008-02-29,2018-01-01 06:13:00,2018-01-01 06:18:00,
"serena.n","s11279.2","c",2013-11-24,2018-12-14 07:18:00,,
"talek","t72442","o",2011-03-29,2018-12-14 06:55:00,2018-12-14 08:31:00,
"talek","t72442","o",2011-03-29,2018-12-14 06:55:00,2018-12-14 08:31:00,
"talek","t94634","o",2015-12-30,2018-12-14 06:37:00,2018-12-14 06:42:00,
"talek","t93710","c",2016-01-29,2018-12-14 18:56:00,2018-12-14 19:47:00,
"talek","t93710","c",2016-01-29,2018-12-14 18:56:00,2018-12-14 19:47:00,
"talek","t93733","d",2016-02-01,2018-12-14 05:53:00,2018-12-14 06:51:00,
"talek","t93779","c",2016-02-05,2018-12-14 06:31:00,2018-12-14 07:12:00,
"talek","t93813","o",2016-02-06,2018-12-14 06:22:00,2018-12-14 07:51:00,
"talek","t93949","o",2016-02-14,2018-12-14 18:26:00,2018-12-14 18:33:00,
"talek","t94073","k",2016-02-21,2018-12-14 06:30:00,2018-12-14 08:31:00,
"talek","t94253","c",2016-03-05,2018-12-14 07:15:00,2018-12-14 07:20:00,
"talek","t94700","o",2016-04-08,2018-12-14 06:36:00,2018-12-14 07:17:00,
"talek","t94977","o",2016-05-10,2018-12-14 06:20:00,2018-12-14 06:25:00,
"talek","t95167","o",2016-05-16,2018-12-14 05:38:00,2018-12-14 05:49:00,
"talek","t95318","o",2016-05-30,2018-12-14 07:23:00,2018-12-14 07:28:00,
"talek","t96103","c",2016-07-31,2018-12-14 07:47:00,2018-12-14 08:12:00,
"talek","t96556","o",2016-08-31,2018-12-14 07:08:00,2018-12-14 07:50:00,
"talek","t96608","k",2016-09-04,2018-12-14 07:01:00,2018-12-14 08:19:00,
"talek","t96617","c",2016-09-06,2018-12-14 06:55:00,2018-12-14 07:45:00,
"talek","t96685","k",2016-09-11,2018-12-14 06:55:00,2018-12-14 07:13:00,
"talek","t96685","k",2016-09-11,2018-12-14 06:55:00,2018-12-14 07:13:00,
"talek","t96950","o",2016-10-23,2018-12-14 08:35:00,2018-12-14 08:40:00,
"talek","t97179","o",2016-11-10,2018-12-14 18:02:00,2018-12-14 19:00:00,
"talek","t97302","o",2016-11-17,2018-12-14 07:02:00,2018-12-14 07:19:00,
"talek","t97739","o",2016-12-12,2018-12-14 07:23:00,2018-12-14 07:36:00,
"talek","t97993","o",2016-12-22,2018-12-14 07:48:00,2018-12-14 08:10:00,
"talek","t98010","o",2016-12-23,2018-12-14 18:13:00,2018-12-14 18:18:00,
"talek","t98010","o",2016-12-23,2018-12-14 18:13:00,2018-12-14 18:18:00,
"talek","t98027","k",2016-12-24,2018-12-14 05:51:00,2018-12-14 06:15:00,
