Session,Date,Hyena,MinDist,rank_dist,totWdist
135.2,9/12/88,kb,3,1,5
135.2,9/12/88,coch,3,1,5
135.2,9/12/88,knb,5,2,5
135.2,9/12/88,3,5,2,5
135.2,9/12/88,es,50,3,5
221.3,11/27/88,csl,100,1,1
269,12/20/88,mw,45,1,8
269,12/20/88,1019,45,1,8
269,12/20/88,65,45,1,8
269,12/20/88,67sm,45,1,8
269,12/20/88,csl,45,1,8
269,12/20/88,mrb,45,1,8
269,12/20/88,ot,45,1,8
269,12/20/88,gw,45,1,8
339.1,1/16/89,bsh,8,1,4
339.1,1/16/89,67sm,10,2,4
339.1,1/16/89,csl,15,3,4
339.1,1/16/89,sr,15,3,4
554,5/30/89,coch,1,1,2
554,5/30/89,mw,1,1,2
567,6/3/89,mw,0.5,1,2
567,6/3/89,bsh,1,2,2
879,12/2/89,65,10,1,8
879,12/2/89,hol,10,1,8
879,12/2/89,coch,12,2,8
879,12/2/89,sh,20,3,8
879,12/2/89,dj,20,3,8
879,12/2/89,es,20,3,8
879,12/2/89,jul,20,3,8
879,12/2/89,bsl,20,3,8
889,12/13/89,pb,5,1,5
889,12/13/89,bsh,9,2,5
889,12/13/89,choc,10,3,5
889,12/13/89,rum,10,3,5
889,12/13/89,lcd,15,4,5
1088.2,6/5/90,bo,1,1,3
1088.2,6/5/90,bf,1,1,3
1088.2,6/5/90,sy,45,2,3
1110.3,6/27/90,mu,1,1,2
1110.3,6/27/90,lh,30,2,2
1209,8/31/90,bsh,10,1,6
1209,8/31/90,mrb,10,1,6
1209,8/31/90,hol,10,1,6
1209,8/31/90,dave,10,1,6
1209,8/31/90,coch,10,1,6
1209,8/31/90,ap,10,1,6
1245,9/24/90,sher,60,1,1
1605,7/2/91,rv,2.5,1,7
1605,7/2/91,dj,2.5,1,7
1605,7/2/91,kb,2.5,1,7
1605,7/2/91,bsh,2.5,1,7
1605,7/2/91,sx,5,2,7
1605,7/2/91,en,6,3,7
1605,7/2/91,sy,25,4,7
1627,7/13/91,sx,8,1,11
1627,7/13/91,mu,8,1,11
1627,7/13/91,unID,15,2,11
1627,7/13/91,bm,15,2,11
1627,7/13/91,bb,18,3,11
1627,7/13/91,bud,25,4,11
1627,7/13/91,chy,25,4,11
1627,7/13/91,kb,25,4,11
1627,7/13/91,quai,30,5,11
1627,7/13/91,sy,30,5,11
1627,7/13/91,q,300,6,11
1651.2,7/31/91,sher,50,1,1
1738.6,9/14/91,gan,10,1,8
1738.6,9/14/91,mut,10,1,8
1738.6,9/14/91,ot,10,1,8
1738.6,9/14/91,dj,10,1,8
1738.6,9/14/91,bf,10,1,8
1738.6,9/14/91,9b,15,2,8
1738.6,9/14/91,fa,20,3,8
1738.6,9/14/91,hol,25,4,8
1863.1,11/15/91,quai,150,1,1
1870.02,11/19/91,sd,20,1,2
1870.02,11/19/91,hk,20,1,2
2058,4/8/92,sy,10,1,9
2058,4/8/92,dg,11,2,9
2058,4/8/92,pp,20,3,9
2058,4/8/92,rv,25,4,9
2058,4/8/92,pt,30,5,9
2058,4/8/92,sd,30,5,9
2058,4/8/92,sb,35,6,9
2058,4/8/92,gan,40,7,9
2058,4/8/92,23s,45,8,9
2169,5/31/92,dj,17.5,1,2
2169,5/31/92,quai,20,2,2
3001,6/14/92,gw,3,1,6
3001,6/14/92,ua,5,2,6
3001,6/14/92,sy,10,3,6
3001,6/14/92,quai,20,4,6
3001,6/14/92,en,25,5,6
3001,6/14/92,ot,30,6,6
3005,6/16/92,bm,20,1,15
3005,6/16/92,23s,20,1,15
3005,6/16/92,bb,20,1,15
3005,6/16/92,ot,20,1,15
3005,6/16/92,jab,20,1,15
3005,6/16/92,krk,20,1,15
3005,6/16/92,kbx,20,1,15
3005,6/16/92,kb,20,1,15
3005,6/16/92,bail,20,1,15
3005,6/16/92,sx,20,1,15
3005,6/16/92,pt,20,1,15
3005,6/16/92,bsh,20,1,15
3005,6/16/92,chy,20,1,15
3005,6/16/92,es,20,1,15
3005,6/16/92,hk,20,1,15
3064,7/24/92,sd,200,1,10
3064,7/24/92,rcn,200,1,10
3064,7/24/92,pt,200,1,10
3064,7/24/92,en,200,1,10
3064,7/24/92,zip,200,1,10
3064,7/24/92,dj,200,1,10
3064,7/24/92,bb,200,1,10
3064,7/24/92,coch,200,1,10
3064,7/24/92,hk,200,1,10
3064,7/24/92,sy,200,1,10
3148,9/19/92,coch,15,1,6
3148,9/19/92,dj,20,2,6
3148,9/19/92,sy,30,3,6
3148,9/19/92,sx,40,4,6
3148,9/19/92,en,70,5,6
3148,9/19/92,bsh,70,5,6
3374.5,12/30/92,fa,12,1,1
3586,1/9/93,lg,10,1,4
3586,1/9/93,ot,30,2,4
3586,1/9/93,dj,30,2,4
3586,1/9/93,fa,100,3,4
3716,1/25/93,sx,20,1,11
5237,4/5/93,coch,20,1,11
5237,4/5/93,qua,20,1,11
5237,4/5/93,sd,20,1,11
5237,4/5/93,ua,20,1,11
5237,4/5/93,sy,30,2,11
5237,4/5/93,bail,40,3,11
5237,4/5/93,chy,40,3,11
5237,4/5/93,pt,40,3,11
5237,4/5/93,rv,40,3,11
5237,4/5/93,sb,40,3,11
5271,4/18/93,rcn,1,1,5
5271,4/18/93,chy,1,1,5
5271,4/18/93,quai,1,1,5
5271,4/18/93,zip,1,1,5
5271,4/18/93,fa,1,1,5
5304,4/29/93,dj,5,1,8
5304,4/29/93,krk,5,1,8
5304,4/29/93,rv,15,2,8
5304,4/29/93,bb,30,3,8
5304,4/29/93,jab,30,3,8
5304,4/29/93,sx,30,3,8
5304,4/29/93,sun,40,4,8
5304,4/29/93,ua,40,4,8
5728,7/29/93,zip,25,1,2
5728,7/29/93,pp,25,1,2
5747,8/1/93,rv,15,1,3
5747,8/1/93,jj,20,2,3
5747,8/1/93,pt,30,3,3
6086,9/21/93,hk,17.5,1,5
6086,9/21/93,krk,17.5,1,5
6086,9/21/93,gil,20,2,5
6086,9/21/93,bsh,30,3,5
6086,9/21/93,kb,30,3,5
6107,9/24/93,3 subadult,5,1,8
6107,9/24/93,fa,10,2,8
6107,9/24/93,sd,10,2,8
6107,9/24/93,gol,100,3,8
6107,9/24/93,tz,100,3,8
6107,9/24/93,ber,100,3,8
6228,11/17/93,jab,40,1,6
6228,11/17/93,kxb,40,1,6
6228,11/17/93,gil,40,1,6
6228,11/17/93,bb,40,1,6
6228,11/17/93,ot,40,1,6
6228,11/17/93,fa,50,1,6
6419,12/31/93,rv,40,1,1
6564,2/17/94,ot,30,1,1
6665,4/2/94,dj,70,1,4
6665,4/2/94,sy,75,2,4
6665,4/2/94,sun,90,3,4
6665,4/2/94,rcn,90,3,4
6699,4/4/94,sd,20,1,2
6699,4/4/94,who,40,2,2
7081,5/29/94,rm,100,1,2
7081,5/29/94,kl,100,1,2
7228,6/17/94,rock,40,1,1
8012,9/27/94,irq,100,1,13
8012,9/27/94,jab,100,1,13
8012,9/27/94,mh,100,1,13
8012,9/27/94,sd,100,1,13
8012,9/27/94,bm,100,1,13
8012,9/27/94,wr,100,1,13
8012,9/27/94,wm,100,1,13
8012,9/27/94,scby,100,1,13
8012,9/27/94,fa,100,1,13
8012,9/27/94,sx,100,1,13
8012,9/27/94,coch,100,1,13
8012,9/27/94,ger,100,1,13
8012,9/27/94,dj,100,1,13
8195,10/18/94,mark,20,1,3
8195,10/18/94,will,20,1,3
8195,10/18/94,ot,100,2,3
8427,2/10/95,fn,50,1,1
8431,2/10/95,who,150,1,1
8558,2/19/95,sy,7,1,1
8580,3/7/95,UNID,6,1,23
8580,3/7/95,sx,10,2,23
8580,3/7/95,jb,10,2,23
8580,3/7/95,ua,10,2,23
8580,3/7/95,sd,10,2,23
8580,3/7/95,pt,10,2,23
8580,3/7/95,lg,10,2,23
8580,3/7/95,iab,10,2,23
8580,3/7/95,bail,10,2,23
8580,3/7/95,ot,10,2,23
8580,3/7/95,bsh,10,2,23
8580,3/7/95,zulu,10,2,23
8580,3/7/95,gil,10,2,23
8580,3/7/95,who,10,2,23
8580,3/7/95,bb,10,2,23
8580,3/7/95,dj,10,2,23
8580,3/7/95,UNID1,20,3,23
8580,3/7/95,UNID3,20,3,23
8580,3/7/95,UNID7,20,3,23
8580,3/7/95,UNID2,20,3,23
8580,3/7/95,UNID5,20,3,23
8580,3/7/95,UNID6,20,3,23
8580,3/7/95,UNID4,20,3,23
8699,6/3/95,ors,4,1,8
8699,6/3/95,blnd,10,2,8
8699,6/3/95,vinc,10,2,8
8699,6/3/95,unids,50,3,8
8699,6/3/95,bal,100,4,8
8699,6/3/95,jj,100,4,8
8699,6/3/95,jab,300,5,8
8699,6/3/95,hg,300,5,8
8820,8/24/95,wald,5,1,8
8820,8/24/95,unids,15,2,8
8820,8/24/95,limp,20,3,8
8820,8/24/95,ud,20,3,8
8820,8/24/95,wr,30,4,8
8820,8/24/95,mh,30,4,8
8820,8/24/95,par,40,5,8
8820,8/24/95,kip,40,5,8
8856,9/12/95,fa,50,1,1
9001,12/3/95,bb,3,1,17
9001,12/3/95,unid8,10,2,17
9001,12/3/95,unid9,10,2,17
9001,12/3/95,unid10,10,2,17
9001,12/3/95,unid7,10,2,17
9001,12/3/95,mike,10,2,17
9001,12/3/95,unid11,15,3,17
9001,12/3/95,ger,15,3,17
9001,12/3/95,nav,15,3,17
9001,12/3/95,jab,15,3,17
9001,12/3/95,unid12,20,4,17
9001,12/3/95,rm,20,4,17
9001,12/3/95,bsh,20,4,17
9001,12/3/95,who,30,5,17
9001,12/3/95,hob,30,5,17
9001,12/3/95,tz,31,6,17
9001,12/3/95,bail,50,7,17
9052,1/17/96,bal,40,1,1
9106,2/25/96,sx,15,1,8
9106,2/25/96,ua,20,2,8
9106,2/25/96,hg,20,2,8
9106,2/25/96,jj,20,2,8
9106,2/25/96,bail,20,2,8
9106,2/25/96,stg,25,3,8
9106,2/25/96,cr,40,4,8
9106,2/25/96,fa,60,5,8
9114,3/8/96,sy,20,1,8
9114,3/8/96,rcn,20,1,8
9114,3/8/96,bsh,30,2,8
9114,3/8/96,dj,30,2,8
9114,3/8/96,bb,40,3,8
9114,3/8/96,who,40,3,8
9114,3/8/96,jb,40,3,8
9114,3/8/96,jab,40,3,8
9117,3/11/96,dj,2,1,9
9117,3/11/96,un ids,15,2,9
9117,3/11/96,jb,20,3,9
9117,3/11/96,mike,20,3,9
9117,3/11/96,zulu,30,4,9
9117,3/11/96,mp,30,4,9
9117,3/11/96,rm,30,4,9
9117,3/11/96,rcn,30,4,9
9117,3/11/96,lop,30,4,9
9118,3/11/96,mp,15,1,5
9118,3/11/96,hg,15,1,5
9118,3/11/96,dd,15,1,5
9118,3/11/96,dj,15,1,5
9118,3/11/96,tz,30,2,5
9132.2,3/22/96,who,10,1,1
9140,3/26/96,gil,20,1,5
9140,3/26/96,jone,40,2,5
9140,3/26/96,amar,40,2,5
9140,3/26/96,rinc,40,2,5
9140,3/26/96,rm,40,2,5
9162,4/15/96,lg,50,1,2
9162,4/15/96,dj,100,2,2
9166,4/17/96,sx,10,1,2
9166,4/17/96,tz,100,2,2
9171,4/20/96,unid1,0,1,16
9171,4/20/96,baj,10,2,16
9171,4/20/96,kip,15,3,16
9171,4/20/96,zulu,15,3,16
9171,4/20/96,pt,15,3,16
9171,4/20/96,jab,15,3,16
9171,4/20/96,gil,15,3,16
9171,4/20/96,bal,20,4,16
9171,4/20/96,unid2,25,5,16
9171,4/20/96,nav,25,5,16
9171,4/20/96,gol,35,6,16
9171,4/20/96,mark,40,7,16
9171,4/20/96,stg,40,7,16
9171,4/20/96,par,40,7,16
9171,4/20/96,pos,50,8,16
9171,4/20/96,mig,60,9,16
9180,5/4/96,fn,0,1,11
9180,5/4/96,bsh,20,2,11
9180,5/4/96,zulu,23,3,11
9180,5/4/96,arse,27,4,11
9180,5/4/96,jb,30,5,11
9180,5/4/96,kip,30,5,11
9180,5/4/96,mp,30,5,11
9180,5/4/96,wr,50,6,11
9180,5/4/96,fa,60,7,11
9180,5/4/96,mig,60,7,11
9180,5/4/96,lg,60,7,11
9185,5/9/96,tz,4,1,3
9185,5/9/96,fa,10,2,3
9185,5/9/96,sx,10,2,3
9888,7/14/96,jj,100,1,3
9888,7/14/96,pf,100,1,3
9888,7/14/96,wald,100,1,3
10764.2,10/6/96,bos,40,1,2
10764.2,10/6/96,fa,40,1,2
10785,10/12/96,oly,1,1,5
10785,10/12/96,gil,1,1,5
10785,10/12/96,dd,1,1,5
10785,10/12/96,bal,1,1,5
10785,10/12/96,unid,1,1,5
10807,10/18/96,zulu,100,1,1
10847,10/26/96,oly,20,1,3
10847,10/26/96,rinc,20,1,3
10847,10/26/96,stg,20,1,3
10897,11/12/96,un id,1,1,5
10897,11/12/96,bern,150,2,5
10897,11/12/96,sun,150,2,5
10897,11/12/96,alex,150,2,5
10897,11/12/96,wr,200,3,5
11175,2/9/97,nav,1,1,14
11175,2/9/97,ua,3,2,14
11175,2/9/97,lop,5,3,14
11175,2/9/97,mig,5,3,14
11175,2/9/97,lg,6,4,14
11175,2/9/97,tz,10,5,14
11175,2/9/97,ot,12,6,14
11175,2/9/97,fn,17,7,14
11175,2/9/97,bp,20,8,14
11175,2/9/97,fa,20,8,14
11175,2/9/97,sks,30,9,14
11175,2/9/97,mike,30,9,14
11175,2/9/97,wald,35,10,14
11175,2/9/97,darw,40,11,14
11259,3/8/97,sein,10,1,9
11259,3/8/97,wash,100,2,9
11259,3/8/97,linc,100,2,9
11259,3/8/97,nav,135,3,9
11259,3/8/97,kang,144,4,9
11259,3/8/97,gonz,144,4,9
11259,3/8/97,gil,148,5,9
11259,3/8/97,jj,150,6,9
11259,3/8/97,who,150,6,9
11408,4/27/97,jj,80,1,4
11408,4/27/97,unids,80,1,4
11408,4/27/97,zulu,100,2,4
11408,4/27/97,unid,100,2,4
11417.2,4/30/97,sein,1,1,16
11417.2,4/30/97,who,5,2,16
11417.2,4/30/97,par,5,2,16
11417.2,4/30/97,nav,5,2,16
11417.2,4/30/97,fa,5,2,16
11417.2,4/30/97,sks,10,3,16
11417.2,4/30/97,sim,10,3,16
11417.2,4/30/97,hg,10,3,16
11417.2,4/30/97,gob,10,3,16
11417.2,4/30/97,ot,15,4,16
11417.2,4/30/97,ua,20,5,16
11417.2,4/30/97,bp,20,5,16
11417.2,4/30/97,sx,30,6,16
11417.2,4/30/97,mp,30,6,16
11417.2,4/30/97,jj,30,6,16
11417.2,4/30/97,jb,30,6,16
11751,6/6/97,fn,30,1,3
11751,6/6/97,ger,50,2,3
11751,6/6/97,who,50,2,3
11891,6/13/97,sim,40,1,1
12214,7/2/97,par,155,1,2
12214,7/2/97,mp,175,2,2
12939,7/26/97,wald,50,1,8
12939,7/26/97,bp,60,2,8
12939,7/26/97,mike,60,2,8
12939,7/26/97,pan,60,2,8
12939,7/26/97,pos,60,2,8
12939,7/26/97,rs,60,2,8
12939,7/26/97,sim,60,2,8
12939,7/26/97,tz,75,3,8
13101,8/3/97,jb,40,1,3
13101,8/3/97,tz,40,1,3
13101,8/3/97,ua,40,1,3
13174,8/8/97,kon,75,1,1
13536,9/15/97,chic,10,1,2
13536,9/15/97,wr,10,1,2
14632,2/3/98,wald,40,1,5
14632,2/3/98,gol,70,2,5
14632,2/3/98,bp,150,3,5
14632,2/3/98,dna,150,3,5
14632,2/3/98,fa,200,4,5
14743,2/27/98,sim,40,1,2
14743,2/27/98,sein,80,2,2
15304.2,9/9/98,bsh,10,1,4
15304.2,9/9/98,mali,10,1,4
15304.2,9/9/98,ua,10,1,4
15304.2,9/9/98,gil,10,1,4
15357,10/2/98,darw,1,1,4
15357,10/2/98,sein,5,2,4
15357,10/2/98,bos,25,3,4
15357,10/2/98,gob,25,3,4
15668,11/10/98,al29,100,1,2
15668,11/10/98,vgs,100,1,2
15821,11/24/98,kip,100,1,2
15821,11/24/98,who,100,1,2
16391,12/22/98,hml,1,1,4
16391,12/22/98,stg,1,1,4
16391,12/22/98,ua,1,1,4
16391,12/22/98,amar,1,1,4
16676,1/6/99,lg,1,1,3
16676,1/6/99,mrph,1,1,3
16676,1/6/99,exc,30,2,3
17789,4/20/99,mrph,1,1,8
17789,4/20/99,sein,1,1,8
17789,4/20/99,who,50,2,8
17789,4/20/99,nod,50,2,8
17789,4/20/99,dna,50,2,8
17789,4/20/99,bos,50,2,8
17789,4/20/99,linc,50,2,8
17789,4/20/99,bsh,80,3,8
18010,5/1/99,bsh,20,1,7
18010,5/1/99,csn,20,1,7
18010,5/1/99,cuj,20,1,7
18010,5/1/99,darw,20,1,7
18010,5/1/99,gob,20,1,7
18010,5/1/99,kip,20,1,7
18010,5/1/99,mrph,20,1,7
19317,8/3/99,amar,40,1,1
19570,8/18/99,hem,5,1,1
19682,9/3/99,tsa,200,1,1
19926,9/23/99,amar,25,1,2
19926,9/23/99,delt,100,2,2
21136,12/8/99,vgs,10,1,4
21136,12/8/99,gdz,20,2,4
21136,12/8/99,runt,20,2,4
21136,12/8/99,cpa,20,2,4
21390,12/23/99,unid,15,1,3
21390,12/23/99,ger,50,2,3
21390,12/23/99,mrph,50,2,3
21394,12/23/99,mp,1,1,9
21394,12/23/99,dd,1,1,9
21394,12/23/99,foz,1,1,9
21394,12/23/99,ger,1,1,9
21394,12/23/99,gol,1,1,9
21394,12/23/99,hml,1,1,9
21394,12/23/99,sx,1,1,9
21394,12/23/99,yet,1,1,9
21394,12/23/99,ind,1,1,9
21418,12/25/99,bp,15,1,6
21418,12/25/99,nod,20,2,6
21418,12/25/99,sco,20,2,6
21418,12/25/99,foz,40,3,6
21418,12/25/99,mrph,45,4,6
21418,12/25/99,mig,50,5,6
21742,1/24/00,jj,0,1,1
22087,2/16/00,ger,6,1,11
22087,2/16/00,vgs,6,1,11
22087,2/16/00,sein,6,1,11
22087,2/16/00,mrph,6,1,11
22087,2/16/00,mig,6,1,11
22087,2/16/00,lim,6,1,11
22087,2/16/00,hem,6,1,11
22087,2/16/00,chw,6,1,11
22087,2/16/00,bos,6,1,11
22087,2/16/00,ath,6,1,11
22087,2/16/00,ldv,6,1,11
22209,2/24/00,sch,6,1,6
22209,2/24/00,bp,25,2,6
22209,2/24/00,her,25,2,6
22209,2/24/00,jut,25,2,6
22209,2/24/00,pisa,25,2,6
22209,2/24/00,whh,25,2,6
22543,4/8/00,pisa,100,1,1
22551,4/8/00,hem,10,1,1
23688,7/7/00,sx,3,1,2
23688,7/7/00,exc,8,2,2
27189,5/12/01,csn,10,1,1
27425,5/27/01,nav,1,1,12
27425,5/27/01,cam,1,1,12
27425,5/27/01,bp,1,1,12
27425,5/27/01,cpa,12,2,12
27425,5/27/01,mig,15,3,12
27425,5/27/01,hg,15,3,12
27425,5/27/01,cr,15,3,12
27425,5/27/01,csn,15,3,12
27425,5/27/01,whh,40,4,12
27425,5/27/01,bos,50,5,12
27425,5/27/01,pisa,75,6,12
27425,5/27/01,vgs,75,6,12
27824,6/15/01,amar,20,1,1
28037,6/26/01,osl,10,1,7
28037,6/26/01,unid6,45,2,7
28037,6/26/01,unid5,45,2,7
28037,6/26/01,unid4,45,2,7
28037,6/26/01,unid3,45,2,7
28037,6/26/01,unid1,45,2,7
28037,6/26/01,unid2,45,2,7
28126,7/3/01,hrp,20,1,2
28126,7/3/01,frr,20,1,2
28354,7/24/01,ali,10,1,8
28354,7/24/01,amar,10,1,8
28354,7/24/01,wr,15,2,8
28354,7/24/01,gui,20,3,8
28354,7/24/01,coo,20,3,8
28354,7/24/01,zim,20,3,8
28354,7/24/01,day,100,4,8
28354,7/24/01,dnv,100,4,8
28870,8/31/01,hem,4,1,2
28870,8/31/01,who,5,2,2
29177,9/20/01,kth,5,1,16
29177,9/20/01,her,5,1,16
29177,9/20/01,mig,5,1,16
29177,9/20/01,mrph,10,2,16
29177,9/20/01,mali,10,2,16
29177,9/20/01,bacc,10,2,16
29177,9/20/01,vgs,10,2,16
29177,9/20/01,cam,10,2,16
29177,9/20/01,ktn,15,3,16
29177,9/20/01,csn,20,4,16
29177,9/20/01,art,20,4,16
29177,9/20/01,ali,20,4,16
29177,9/20/01,mojo,25,5,16
29177,9/20/01,cpa,30,6,16
29177,9/20/01,lim,30,6,16
29177,9/20/01,pisa,50,7,16
29720,11/3/01,chw,20,1,1
29936,11/17/01,ger,1,1,15
29936,11/17/01,am128,1,1,15
29936,11/17/01,art,1,1,15
29936,11/17/01,bacc,1,1,15
29936,11/17/01,bos,1,1,15
29936,11/17/01,cpa,1,1,15
29936,11/17/01,jup,1,1,15
29936,11/17/01,foz,1,1,15
29936,11/17/01,whi,1,1,15
29936,11/17/01,vgs,1,1,15
29936,11/17/01,sein,1,1,15
29936,11/17/01,mrs,1,1,15
29936,11/17/01,mojo,1,1,15
29936,11/17/01,mln,1,1,15
29936,11/17/01,cr,1,1,15
29940,11/17/01,hg,10,1,14
29940,11/17/01,foz,15,2,14
29940,11/17/01,cpa,15,2,14
29940,11/17/01,bp,15,2,14
29940,11/17/01,boa,15,2,14
29940,11/17/01,bacc,15,2,14
29940,11/17/01,art,15,2,14
29940,11/17/01,nick,15,2,14
29940,11/17/01,whh,15,2,14
29940,11/17/01,vgs,15,2,14
29940,11/17/01,ldv,15,2,14
29940,11/17/01,mrph,15,2,14
29940,11/17/01,mln,15,2,14
29940,11/17/01,lim,15,2,14
30255,12/1/01,lim,30,1,20
30255,12/1/01,whh,30,1,20
30255,12/1/01,vgs,30,1,20
30255,12/1/01,chob,30,1,20
30255,12/1/01,nav,30,1,20
30255,12/1/01,nick,30,1,20
30255,12/1/01,hml,30,1,20
30255,12/1/01,mali,30,1,20
30255,12/1/01,ldv,30,1,20
30255,12/1/01,chw,30,1,20
30255,12/1/01,csn,30,1,20
30255,12/1/01,foz,30,1,20
30255,12/1/01,ger,30,1,20
30255,12/1/01,hg,30,1,20
30255,12/1/01,mrph,30,1,20
30255,12/1/01,cam,30,1,20
30255,12/1/01,bp,30,1,20
30255,12/1/01,bos,30,1,20
30255,12/1/01,ath,30,1,20
30255,12/1/01,ali,30,1,20
30553.5,12/17/01,gob,100,1,6
30553.5,12/17/01,jut,100,1,6
30553.5,12/17/01,sein,100,1,6
30553.5,12/17/01,ath,100,1,6
30553.5,12/17/01,hg,100,1,6
30553.5,12/17/01,ldv,100,1,6
31148,2/14/02,csn,1,1,2
31148,2/14/02,cam,1,1,2
31229,2/18/02,mp,10,1,13
31229,2/18/02,art,10,1,13
31229,2/18/02,her,15,2,13
31229,2/18/02,csn,20,3,13
31229,2/18/02,mrph,20,3,13
31229,2/18/02,bos,20,3,13
31229,2/18/02,whi,30,4,13
31229,2/18/02,ktn,40,5,13
31229,2/18/02,ger,40,5,13
31229,2/18/02,lim,50,6,13
31229,2/18/02,kier,50,6,13
31229,2/18/02,mig,75,7,13
31229,2/18/02,nick,150,8,13
31592,3/4/02,lim,1,1,2
31592,3/4/02,ger,75,2,2
31786,3/18/02,bos,20,1,6
31786,3/18/02,pisa,20,1,6
31786,3/18/02,whi,50,2,6
31786,3/18/02,bp,50,2,6
31786,3/18/02,chw,100,3,6
31786,3/18/02,nick,100,3,6
36660,12/12/02,thor,15,1,2
36660,12/12/02,mrph,40,2,2
36973,1/22/03,UNID,100,1,8
36973,1/22/03,mig,150,2,8
36973,1/22/03,ldv,150,2,8
36973,1/22/03,mali,150,2,8
36973,1/22/03,key,150,2,8
36973,1/22/03,bacc,150,2,8
36973,1/22/03,ath,150,2,8
36973,1/22/03,nick,190,3,8
37110,2/6/03,jut,40,1,3
37110,2/6/03,dub,50,2,3
37110,2/6/03,af72,200,3,3
37197,2/15/03,foz,30,1,3
37197,2/15/03,ldv,50,2,3
37197,2/15/03,mig,70,3,3
37838,4/13/03,unid,0,1,14
37838,4/13/03,mac,1,2,14
37838,4/13/03,nick,1,2,14
37838,4/13/03,ath,1,2,14
37838,4/13/03,boa,1,2,14
37838,4/13/03,ali,1,2,14
37838,4/13/03,foz,7,3,14
37838,4/13/03,csn,14,4,14
37838,4/13/03,whi,15,5,14
37838,4/13/03,ger,15,5,14
37838,4/13/03,kier,20,6,14
37838,4/13/03,nxn,25,7,14
37838,4/13/03,wrl,35,8,14
37838,4/13/03,mat,50,9,14
37841,4/13/03,gif,75,1,1
38121,5/20/03,art,125,1,8
38121,5/20/03,csn,125,1,8
38121,5/20/03,UNID,125,1,8
38121,5/20/03,mrph,125,1,8
38121,5/20/03,mig,125,1,8
38121,5/20/03,mali,125,1,8
38121,5/20/03,ldv,200,2,8
38121,5/20/03,mac,300,3,8
38490,6/30/03,kier,10,1,19
38490,6/30/03,yog,10,1,19
38490,6/30/03,csn,10,1,19
38490,6/30/03,ath,10,1,19
38490,6/30/03,ali,10,1,19
38490,6/30/03,adon,10,1,19
38490,6/30/03,ade,15,2,19
38490,6/30/03,zc,20,3,19
38490,6/30/03,kdy,30,4,19
38490,6/30/03,whi,40,5,19
38490,6/30/03,nick,50,6,19
38490,6/30/03,ldv,50,6,19
38490,6/30/03,bail,50,6,19
38490,6/30/03,art,100,7,19
38490,6/30/03,mali,100,7,19
38490,6/30/03,wrl,200,8,19
38490,6/30/03,bca,200,8,19
38490,6/30/03,vgs,200,8,19
38490,6/30/03,foz,200,8,19
38556,7/7/03,day,0,1,15
38556,7/7/03,chw,0,1,15
38556,7/7/03,dnv,25,2,15
38556,7/7/03,jut,25,2,15
38556,7/7/03,coo,55,3,15
38556,7/7/03,cnet,55,3,15
38556,7/7/03,mer,65,4,15
38556,7/7/03,cnti,70,5,15
38556,7/7/03,puc,75,6,15
38556,7/7/03,hml,75,6,15
38556,7/7/03,ouc,75,6,15
38556,7/7/03,rslg,75,6,15
38556,7/7/03,wr,75,6,15
38556,7/7/03,bail,75,6,15
38556,7/7/03,cam,75,6,15
38590,7/12/03,back,150,1,1
48032,5/31/04,who,100,1,2
48032,5/31/04,chw,100,1,2
48855.1,8/11/04,slm,10,1,5
48855.1,8/11/04,det,20,2,5
48855.1,8/11/04,mln,20,2,5
48855.1,8/11/04,yog,25,3,5
48855.1,8/11/04,art,250,4,5
49403,10/12/04,bca,50,1,23
49403,10/12/04,vgs,65,2,23
49403,10/12/04,det,70,3,23
49403,10/12/04,ldv,75,4,23
49403,10/12/04,art,75,4,23
49403,10/12/04,am,80,5,23
49403,10/12/04,nav,100,6,23
49403,10/12/04,mln,100,6,23
49403,10/12/04,am2,100,6,23
49403,10/12/04,am1,100,6,23
49403,10/12/04,bkln,100,6,23
49403,10/12/04,csn,100,6,23
49403,10/12/04,ger,100,6,23
49403,10/12/04,mac,120,7,23
49403,10/12/04,mali,120,7,23
49403,10/12/04,slm,120,7,23
49403,10/12/04,mrph,120,7,23
49403,10/12/04,kier,120,7,23
49403,10/12/04,adon,120,7,23
49403,10/12/04,hrlm,120,7,23
49403,10/12/04,mig,120,7,23
49403,10/12/04,gvgs,120,7,23
49403,10/12/04,yog,150,8,23
49476,10/15/04,UNID5,0,1,11
49476,10/15/04,UNID6,0,1,11
49476,10/15/04,UNID9,0,1,11
49476,10/15/04,UNID8,0,1,11
49476,10/15/04,UNID3,0,1,11
49476,10/15/04,UNID2,0,1,11
49476,10/15/04,UNID10,0,1,11
49476,10/15/04,UNID1,0,1,11
49476,10/15/04,UNID4,0,1,11
49476,10/15/04,UNID7,0,1,11
49476,10/15/04,day,50,2,11
49635,10/24/04,mdsn,1,1,29
49635,10/24/04,csac,1,1,29
49635,10/24/04,zc,3,2,29
49635,10/24/04,yog,5,3,29
49635,10/24/04,foz,7,4,29
49635,10/24/04,nav,10,5,29
49635,10/24/04,bsl,10,5,29
49635,10/24/04,pisa,10,5,29
49635,10/24/04,cous,10,5,29
49635,10/24/04,ffl,10,5,29
49635,10/24/04,kik,10,5,29
49635,10/24/04,ldv,10,5,29
49635,10/24/04,mali,15,6,29
49635,10/24/04,mig,40,7,29
49635,10/24/04,mos,40,7,29
49635,10/24/04,mrph,40,7,29
49635,10/24/04,ali,40,7,29
49635,10/24/04,csn,40,7,29
49635,10/24/04,det,60,8,29
49635,10/24/04,bkln,60,8,29
49635,10/24/04,mln,70,9,29
49635,10/24/04,slm,80,10,29
49635,10/24/04,mac,80,10,29
49635,10/24/04,hrlm,80,10,29
49635,10/24/04,nick,100,11,29
49635,10/24/04,vgs,100,11,29
49635,10/24/04,adon,120,12,29
49635,10/24/04,hex,120,12,29
49635,10/24/04,mp,180,13,29
49685,10/28/04,mac,0,1,15
49685,10/28/04,art,1,2,15
49685,10/28/04,mrph,1,2,15
49685,10/28/04,ger,1,2,15
49685,10/28/04,bsl,60,3,15
49685,10/28/04,adon,100,4,15
49685,10/28/04,cous,110,5,15
49685,10/28/04,det,130,6,15
49685,10/28/04,mnr,150,7,15
49685,10/28/04,ali,150,7,15
49685,10/28/04,tia,150,7,15
49685,10/28/04,mig,150,7,15
49685,10/28/04,mali,150,7,15
49685,10/28/04,kik,150,7,15
49685,10/28/04,oak,150,7,15
50077,11/23/04,foz,50,1,13
50077,11/23/04,zc,50,1,13
50077,11/23/04,mp,80,2,13
50077,11/23/04,hex,100,3,13
50077,11/23/04,am255,100,3,13
50077,11/23/04,ldv,100,3,13
50077,11/23/04,bca,350,4,13
50077,11/23/04,adon,350,4,13
50077,11/23/04,hrlm,425,5,13
50077,11/23/04,det,478,6,13
50077,11/23/04,mln,500,7,13
50077,11/23/04,csn,500,7,13
50077,11/23/04,art,500,7,13
50126,11/27/04,alum,60,1,2
50126,11/27/04,guci,60,1,2
50466,12/23/04,mos,50,1,5
50466,12/23/04,mrph,50,1,5
50466,12/23/04,adon,50,1,5
50466,12/23/04,vgs,50,1,5
50466,12/23/04,kto,60,2,5
50720,1/7/05,kier,10,1,8
50720,1/7/05,mln,10,1,8
50720,1/7/05,nick,10,1,8
50720,1/7/05,wiz,10,1,8
50720,1/7/05,bkln,30,2,8
50720,1/7/05,slm,30,2,8
50720,1/7/05,wlg,30,2,8
50720,1/7/05,ldv,50,3,8
51596,3/5/05,yog,1,1,18
51596,3/5/05,csn,1,1,18
51596,3/5/05,mali,1,1,18
51596,3/5/05,unids,20,2,18
51596,3/5/05,det,50,3,18
51596,3/5/05,nav,50,3,18
51596,3/5/05,art,50,3,18
51596,3/5/05,adon,50,3,18
51596,3/5/05,mrph,50,3,18
51596,3/5/05,mp,50,3,18
51596,3/5/05,ffl,50,3,18
51596,3/5/05,tia,50,3,18
51596,3/5/05,hex,50,3,18
51596,3/5/05,ldv,50,3,18
51596,3/5/05,nick,100,4,18
51596,3/5/05,ali,100,4,18
51596,3/5/05,mig,100,4,18
51596,3/5/05,mos,150,5,18
53057,6/15/05,kto,20,1,11
53057,6/15/05,syd,30,2,11
53057,6/15/05,unid,30,2,11
53057,6/15/05,stl,50,3,11
53057,6/15/05,ldv,60,4,11
53057,6/15/05,nick,70,5,11
53057,6/15/05,yog,80,6,11
53057,6/15/05,mp,90,7,11
53057,6/15/05,hrlm,93,8,11
53057,6/15/05,vgs,100,9,11
53057,6/15/05,slm,100,9,11
53065,6/15/05,hrlm,15,1,2
53065,6/15/05,wlg,20,2,2
53074,6/16/05,day,10,1,3
53074,6/16/05,lma,20,2,3
53074,6/16/05,cnet,50,3,3
53110,6/18/05,bail,2,1,28
53110,6/18/05,ldv,3,2,28
53110,6/18/05,mos,5,3,28
53110,6/18/05,art,5,3,28
53110,6/18/05,ali,6,4,28
53110,6/18/05,ctz,10,5,28
53110,6/18/05,yog,10,5,28
53110,6/18/05,nav,10,5,28
53110,6/18/05,pisa,10,5,28
53110,6/18/05,mnr,15,6,28
53110,6/18/05,bca,15,6,28
53110,6/18/05,kik,15,6,28
53110,6/18/05,kto,15,6,28
53110,6/18/05,adon,20,7,28
53110,6/18/05,tini,20,7,28
53110,6/18/05,mig,20,7,28
53110,6/18/05,det,20,7,28
53110,6/18/05,hex,20,7,28
53110,6/18/05,vgs,25,8,28
53110,6/18/05,stl,25,8,28
53110,6/18/05,guci,30,9,28
53110,6/18/05,luo,30,9,28
53110,6/18/05,alum,35,10,28
53110,6/18/05,wlg,45,11,28
53110,6/18/05,syd,50,12,28
53110,6/18/05,cous,50,12,28
53110,6/18/05,mln,75,13,28
53110,6/18/05,bgl,75,13,28
54390,9/17/05,cnet,15,1,3
54390,9/17/05,cnti,20,2,3
54390,9/17/05,lma,20,2,3
56284,1/23/06,mln,15,1,12
56284,1/23/06,foz,15,1,12
56284,1/23/06,syd,15,1,12
56284,1/23/06,pnc,15,1,12
56284,1/23/06,art,15,1,12
56284,1/23/06,hum,15,1,12
56284,1/23/06,bail,15,1,12
56284,1/23/06,ffl,15,1,12
56284,1/23/06,ksi,15,1,12
56284,1/23/06,ldv,15,1,12
56284,1/23/06,tia,80,2,12
56284,1/23/06,wlg,100,3,12
57064,3/30/06,ffl,11,1,12
57064,3/30/06,bgl,11,1,12
57064,3/30/06,bca,12,2,12
57064,3/30/06,hum,12.5,3,12
57064,3/30/06,oak,13,4,12
57064,3/30/06,pan,13,4,12
57064,3/30/06,luo,14,5,12
57064,3/30/06,ksi,14,5,12
57064,3/30/06,yog,15,6,12
57064,3/30/06,mp,40,7,12
57064,3/30/06,mln,40,7,12
57064,3/30/06,baez,40,7,12
57106,4/2/06,luo,10,1,6
57106,4/2/06,hrlm,20,2,6
57106,4/2/06,bca,60,3,6
57106,4/2/06,yog,80,4,6
57106,4/2/06,des,100,5,6
57106,4/2/06,art,110,6,6
57480,4/27/06,tia,10,1,14
57480,4/27/06,hrlm,10,1,14
57480,4/27/06,foz,10,1,14
57480,4/27/06,bca,10,1,14
57480,4/27/06,kik,15,2,14
57480,4/27/06,cous,20,3,14
57480,4/27/06,mln,25,4,14
57480,4/27/06,bail,40,5,14
57480,4/27/06,yog,40,5,14
57480,4/27/06,pnc,40,5,14
57480,4/27/06,adon,60,6,14
57480,4/27/06,hrm,100,7,14
57480,4/27/06,pisa,120,8,14
57480,4/27/06,hum,140,9,14
57947,5/29/06,art,20,1,5
57947,5/29/06,alum,25,2,5
57947,5/29/06,ksi,70,3,5
57947,5/29/06,lou,70,3,5
57947,5/29/06,foz,110,4,5
58014,6/1/06,bail,10,1,2
58014,6/1/06,am,50,2,2
58038,6/4/06,yog,1,1,9
58038,6/4/06,mrph,1,1,9
58038,6/4/06,mln,7,2,9
58038,6/4/06,ldv,10,3,9
58038,6/4/06,pan,20,4,9
58038,6/4/06,bgl,22,5,9
58038,6/4/06,ksi,22,5,9
58038,6/4/06,unid,80,6,9
58038,6/4/06,nav,95,7,9
59051,8/19/06,baez,1,1,4
59051,8/19/06,des,1,1,4
59051,8/19/06,ldv,75,2,4
59051,8/19/06,oak,75,2,4
61001,8/22/07,ali,15,1,5
61001,8/22/07,art,15,1,5
61001,8/22/07,pan,15,1,5
61001,8/22/07,foz,15,1,5
61001,8/22/07,pisa,40,2,5
62413,4/14/08,jeff,30,1,3
62413,4/14/08,nav,30,1,3
62413,4/14/08,roos,30,1,3
62861,6/12/08,ffl,18,1,3
62861,6/12/08,cart,20,2,3
62861,6/12/08,aqua,30,3,3
63323,8/12/08,aqua,10,1,3
63323,8/12/08,mrph,10,1,3
63323,8/12/08,foz,30,2,3
64205,11/19/08,pan,15,1,5
64205,11/19/08,srn,16,2,5
64205,11/19/08,mrph,25,3,5
64205,11/19/08,lav,30,4,5
64205,11/19/08,mig,50,5,5
64258,12/3/08,bca,50,1,6
64258,12/3/08,cen,50,1,6
64258,12/3/08,foz,50,1,6
64258,12/3/08,mig,50,1,6
64258,12/3/08,pan,50,1,6
64258,12/3/08,srn,50,1,6
64386,12/9/08,adon,3,1,7
64386,12/9/08,cen,11,2,7
64386,12/9/08,tab,12,3,7
64386,12/9/08,srn,13,4,7
64386,12/9/08,hex,85,5,7
64386,12/9/08,baez,100,6,7
64386,12/9/08,arg,100,6,7
65544,6/12/09,tab,3,1,15
65544,6/12/09,mp,15,2,15
65544,6/12/09,rav,15,2,15
65544,6/12/09,parc,16,3,15
65544,6/12/09,mono,16,3,15
65544,6/12/09,hon,18,4,15
65544,6/12/09,foz,18,4,15
65544,6/12/09,adon,18,4,15
65544,6/12/09,art,18,4,15
65544,6/12/09,kto,27,5,15
65544,6/12/09,hrlm,27,5,15
65544,6/12/09,aqua,44,6,15
65544,6/12/09,mos,45,7,15
65544,6/12/09,chit,46,8,15
65544,6/12/09,juno,47,9,15
66407,8/21/09,baez,5,1,3
66407,8/21/09,srn,25,2,3
66407,8/21/09,unID,25,2,3
66419,8/22/09,aqua,12,1,1
67607,11/26/09,tab,18,1,4
67607,11/26/09,unid1,200,2,4
67607,11/26/09,unid2,200,2,4
67607,11/26/09,unid3,200,2,4
67623,11/28/09,arg,1,1,10
67623,11/28/09,hel,4,2,10
67623,11/28/09,guci,4,2,10
67623,11/28/09,lav,7,3,10
67623,11/28/09,kryp,10,4,10
67623,11/28/09,roos,10,4,10
67623,11/28/09,tab,10,4,10
67623,11/28/09,hon,15,5,10
67623,11/28/09,art,70,6,10
67623,11/28/09,srn,100,7,10
67756,12/8/09,mrph,1,1,6
67756,12/8/09,roos,1,1,6
67756,12/8/09,juno,1,1,6
67756,12/8/09,foz,30,2,6
67756,12/8/09,tilt,35,3,6
67756,12/8/09,mig,140,4,6
68053,1/17/10,tab,2,1,1
68867,3/30/10,art,150,1,4
68867,3/30/10,aqua,150,1,4
68867,3/30/10,ffl,174,2,4
68867,3/30/10,guci,174,2,4
69037,4/9/10,UNID,11,1,5
69037,4/9/10,molo,27,2,5
69037,4/9/10,guci,35,3,5
69037,4/9/10,bca,41,4,5
69037,4/9/10,al350,73,5,5
69549,5/8/10,guci,2,1,1
69651,5/20/10,roos,10,1,2
69651,5/20/10,cen,200,2,2
70073,6/13/10,art,10,1,1
70078,6/13/10,ffl,1,1,4
70078,6/13/10,mrph,3,2,4
70078,6/13/10,foz,6,3,4
70078,6/13/10,srn,15,4,4
70179,6/18/10,mrph,2,1,12
70179,6/18/10,pan,2,1,12
70179,6/18/10,cen,2,1,12
70179,6/18/10,adon,2,1,12
70179,6/18/10,ali,2,1,12
70179,6/18/10,oak,3,2,12
70179,6/18/10,baez,5,3,12
70179,6/18/10,wrwk,10,4,12
70179,6/18/10,kto,10,4,12
70179,6/18/10,juba,10,4,12
70179,6/18/10,molo,10,4,12
70179,6/18/10,ccp,20,5,12
70184,6/18/10,cen,100,1,2
70184,6/18/10,mrph,100,1,2
71475,11/9/10,tilt,5,1,3
71475,11/9/10,unID,20,2,3
71475,11/9/10,envy,50,3,3
71681,12/12/10,mono,15,1,10
71681,12/12/10,unid1,40,2,10
71681,12/12/10,lyle,40,2,10
71681,12/12/10,wrwk,50,3,10
71681,12/12/10,unid2,60,4,10
71681,12/12/10,hrlm,80,5,10
71681,12/12/10,unid,150,6,10
71681,12/12/10,parc,200,7,10
71681,12/12/10,hara,200,7,10
71681,12/12/10,kto,200,7,10
72105,2/4/11,hex,500,1,1
72258,2/28/11,lyle,10,1,3
72258,2/28/11,parc,20,2,3
72258,2/28/11,alfe,30,3,3
72320,3/5/11,juno,3,1,1
72320,3/5/11,parc,3,1,1
73124,6/1/11,mono,12,1,18
73124,6/1/11,dub,15,2,18
73124,6/1/11,wrwk,120,3,18
73124,6/1/11,wlg,130,4,18
73124,6/1/11,avce,130,4,18
73124,6/1/11,ylst,150,5,18
73124,6/1/11,unid,150,5,18
73124,6/1/11,amaz,150,5,18
73124,6/1/11,dion,150,5,18
73124,6/1/11,buar,150,5,18
73124,6/1/11,arg,150,5,18
73124,6/1/11,aqua,150,5,18
73124,6/1/11,van,200,6,18
73124,6/1/11,ziti,250,7,18
73124,6/1/11,lop,250,7,18
73124,6/1/11,mt,300,8,18
73124,6/1/11,juno,300,8,18
73124,6/1/11,pene,400,9,18
74674,10/24/11,juno,6,1,16
74674,10/24/11,hrpy,7,2,16
74674,10/24/11,parc,8,3,16
74674,10/24/11,envy,8,3,16
74674,10/24/11,avce,8,3,16
74674,10/24/11,art,10,4,16
74674,10/24/11,ylst,10,4,16
74674,10/24/11,adon,12,5,16
74674,10/24/11,amaz,15,6,16
74674,10/24/11,sbl,20,7,16
74674,10/24/11,cart,20,7,16
74674,10/24/11,atac,20,7,16
74674,10/24/11,mt,25,8,16
74674,10/24/11,ccp,25,8,16
74674,10/24/11,ge,30,9,16
74674,10/24/11,van,50,10,16
74888,11/18/11,obam,1,1,3
74888,11/18/11,juba,10,2,3
74888,11/18/11,sam,10,2,3
75684,2/3/12,cous,100,1,2
75684,2/3/12,bgl,110,2,2
75951,2/25/12,juno,10,1,23
75951,2/25/12,ted,15,2,23
75951,2/25/12,atac,15,2,23
75951,2/25/12,mono,15,2,23
75951,2/25/12,ge,15,2,23
75951,2/25/12,amaz,15,2,23
75951,2/25/12,acon,15,2,23
75951,2/25/12,loki,15,2,23
75951,2/25/12,mt,20,3,23
75951,2/25/12,parc,20,3,23
75951,2/25/12,wran,20,3,23
75951,2/25/12,tpe,20,3,23
75951,2/25/12,swil,20,3,23
75951,2/25/12,art,20,3,23
75951,2/25/12,avce,20,3,23
75951,2/25/12,cyp,20,3,23
75951,2/25/12,hrpy,20,3,23
75951,2/25/12,sbl,30,4,23
75951,2/25/12,oak,30,4,23
75951,2/25/12,unid,35,5,23
75951,2/25/12,zion,40,6,23
75951,2/25/12,pant,40,6,23
75951,2/25/12,hrlm,40,6,23
76041,3/2/12,swil,30,1,3
76041,3/2/12,arg,100,2,3
76041,3/2/12,amaz,100,2,3
76926,5/29/12,ein,25,1,1
77099,6/7/12,yog,1,1,12
77099,6/7/12,midd,1,1,12
77099,6/7/12,jeev,1,1,12
77099,6/7/12,art,1,1,12
77099,6/7/12,dk,1,1,12
77099,6/7/12,tija,40,2,12
77099,6/7/12,roos,40,2,12
77099,6/7/12,mgta,40,2,12
77099,6/7/12,obam,50,3,12
77099,6/7/12,dra,50,3,12
77099,6/7/12,hrlm,60,4,12
77099,6/7/12,mos,130,5,12
77224,6/14/12,atac,7,1,10
77224,6/14/12,pan,10,2,10
77224,6/14/12,UNIDs,10,2,10
77224,6/14/12,crms,10,2,10
77224,6/14/12,avce,10,2,10
77224,6/14/12,zion,10,2,10
77224,6/14/12,hel,10,2,10
77224,6/14/12,van,30,3,10
77224,6/14/12,UNID,30,3,10
77224,6/14/12,gel,30,3,10
77250,6/16/12,amaz,2,1,15
77250,6/16/12,mono,2,1,15
77250,6/16/12,art,4,2,15
77250,6/16/12,aqua,5,3,15
77250,6/16/12,sbl,6,4,15
77250,6/16/12,loki,6,4,15
77250,6/16/12,hel,6,4,15
77250,6/16/12,tpe,7,5,15
77250,6/16/12,bora,7,5,15
77250,6/16/12,atac,7,5,15
77250,6/16/12,buar,9,6,15
77250,6/16/12,crms,9,6,15
77250,6/16/12,hex,10,7,15
77250,6/16/12,oak,12,8,15
77250,6/16/12,acon,250,9,15
77286,6/18/12,nzth,5,1,1
77667,7/10/12,tija,1,1,18
77667,7/10/12,wran,1,1,18
77667,7/10/12,mork,1,1,18
77667,7/10/12,mgta,1,1,18
77667,7/10/12,tilt,1,1,18
77667,7/10/12,aqua,20,2,18
77667,7/10/12,unids,30,3,18
77667,7/10/12,obam,35,4,18
77667,7/10/12,cyp,80,5,18
77667,7/10/12,wrwk,100,6,18
77667,7/10/12,swil,100,6,18
77667,7/10/12,ziti,110,7,18
77667,7/10/12,oak,160,8,18
77667,7/10/12,wlg,170,9,18
77667,7/10/12,tall,180,10,18
77667,7/10/12,turq,200,11,18
77667,7/10/12,nav,200,11,18
77667,7/10/12,art,200,11,18
77681,7/12/12,frsc,40,1,7
77681,7/12/12,tilt,50,2,7
77681,7/12/12,wrwk,100,3,7
77681,7/12/12,mork,100,3,7
77681,7/12/12,lamu,100,3,7
77681,7/12/12,gaza,100,3,7
77681,7/12/12,tija,100,3,7
78360,8/26/12,baez,5,1,2
78360,8/26/12,bab,300,2,2
78684,9/22/12,unids,30,1,6
78684,9/22/12,loki,50,2,6
78684,9/22/12,hex,55,3,6
78684,9/22/12,kto,60,4,6
78684,9/22/12,zion,60,4,6
78684,9/22/12,sbl,200,5,6
78795,10/1/12,ted,1,1,13
78795,10/1/12,parc,1,1,13
78795,10/1/12,jeev,1,1,13
78795,10/1/12,buar,1,1,13
78795,10/1/12,acon,1,1,13
78795,10/1/12,loki,10,2,13
78795,10/1/12,neon,10,2,13
78795,10/1/12,crms,10,2,13
78795,10/1/12,hrpy,10,2,13
78795,10/1/12,juno,15,3,13
78795,10/1/12,tpe,25,4,13
78795,10/1/12,ffl,30,5,13
78795,10/1/12,adon,120,6,13
78815,10/3/12,wrwk,0,1,18
78815,10/3/12,gaza,0,1,18
78815,10/3/12,fxtr,0,1,18
78815,10/3/12,gsmk,3,2,18
78815,10/3/12,scmp,5,3,18
78815,10/3/12,pant,10,4,18
78815,10/3/12,amaz,10,4,18
78815,10/3/12,hel,10,4,18
78815,10/3/12,mgta,10,4,18
78815,10/3/12,atac,15,5,18
78815,10/3/12,ziti,17,6,18
78815,10/3/12,odd,20,7,18
78815,10/3/12,tgpi,30,8,18
78815,10/3/12,hrlm,100,9,18
78815,10/3/12,mork,100,9,18
78815,10/3/12,mt,100,9,18
78815,10/3/12,unid1,125,10,18
78815,10/3/12,unid2,125,10,18
78832,10/3/12,alde,10,1,7
78832,10/3/12,atac,10,1,7
78832,10/3/12,odd,10,1,7
78832,10/3/12,amaz,10,1,7
78832,10/3/12,tgpi,10,1,7
78832,10/3/12,mgta,10,1,7
78832,10/3/12,gala,80,2,7
79432,11/20/12,wlg,15,1,5
79432,11/20/12,bora,15,1,5
79432,11/20/12,jeev,15,1,5
79432,11/20/12,unID,15,1,5
79432,11/20/12,mork,20,2,5
79498,11/25/12,jeev,15,1,4
79498,11/25/12,mork,35,2,4
79498,11/25/12,ksmu,35,2,4
79498,11/25/12,juba,35,2,4
79834,12/17/12,gsmk,10,1,5
79834,12/17/12,xnon,10,1,5
79834,12/17/12,scmp,30,2,5
79834,12/17/12,oak,40,3,5
79834,12/17/12,juba,70,4,5
80207,1/19/13,mos,0,1,5
80207,1/19/13,endr,15,2,5
80207,1/19/13,amaz,18,3,5
80207,1/19/13,unID,23,4,5
80207,1/19/13,atac,25,5,5
80249,1/22/13,pant,100,1,7
80249,1/22/13,hel,100,1,7
80249,1/22/13,ksmu,100,1,7
80249,1/22/13,atac,100,1,7
80249,1/22/13,amaz,100,1,7
80249,1/22/13,mork,100,1,7
80249,1/22/13,crms,100,1,7
82236,5/8/13,gsmk,10,1,5
82236,5/8/13,tpe,10,1,5
82236,5/8/13,bata,20,2,5
82236,5/8/13,xena,25,3,5
82236,5/8/13,lust,40,4,5
82406,5/20/13,mt,3,1,12
82406,5/20/13,tpe,4,2,12
82406,5/20/13,ted,5,3,12
82406,5/20/13,hel,7,4,12
82406,5/20/13,pant,12,5,12
82406,5/20/13,neon,15,6,12
82406,5/20/13,parc,20,7,12
82406,5/20/13,crms,20,7,12
82406,5/20/13,adon,20,7,12
82406,5/20/13,atac,20,7,12
82406,5/20/13,pene,50,8,12
82406,5/20/13,bnt,300,9,12
82549,5/26/13,twst,140,1,3
82549,5/26/13,gaza,160,2,3
82549,5/26/13,idi,170,3,3
84930,12/22/13,atac,15,1,18
84930,12/22/13,alfe,15,1,18
84930,12/22/13,ddma,15,1,18
84930,12/22/13,juno,20,2,18
84930,12/22/13,loki,30,3,18
84930,12/22/13,pant,30,3,18
84930,12/22/13,parc,30,3,18
84930,12/22/13,pene,30,3,18
84930,12/22/13,styr,30,3,18
84930,12/22/13,twst,30,3,18
84930,12/22/13,khtm,30,3,18
84930,12/22/13,tavi,30,3,18
84930,12/22/13,buar,30,3,18
84930,12/22/13,adon,30,3,18
84930,12/22/13,ali,30,3,18
84930,12/22/13,aqua,30,3,18
84930,12/22/13,baez,30,3,18
84930,12/22/13,brgr,30,3,18
84963,12/24/13,atac,1,1,12
84963,12/24/13,twst,1,1,12
84963,12/24/13,UNID,1,1,12
84963,12/24/13,tgpi,1,1,12
84963,12/24/13,styr,1,1,12
84963,12/24/13,buar,1,1,12
84963,12/24/13,hel,1,1,12
84963,12/24/13,aqua,7,2,12
84963,12/24/13,UNID2,10,3,12
84963,12/24/13,UNID1,10,3,12
84963,12/24/13,UNID3,10,3,12
84963,12/24/13,tnks,50,4,12